model,dataset,val_r2,val_r2_std,val_r2_median,val_r2_adj,val_mae,val_mae_std,val_rmse,val_rmse_std,train_r2,gap,tune_time,train_time,eval_time,total_time,stratum,size_stratum,n_samples,ordinal,discrete,n_features,n_samples_used,subsampled,eval_time_per_instance_us,no_tune,feature_selected,n_features_original,hp_reg_lambda,hp_learning_rate,hp_min_child_weight,hp_max_depth,hp_colsample_bytree,hp_subsample,mi_n_features,mi_best_iteration,mi_model_name,mi_n_estimators,hp_max_bins,hp_min_samples_leaf,hp_alpha,hp_width_init,hp_n_rbf,hp_n_rbf_auto,hp_center_init,mi_alpha,mi_width_init,mi_n_rbf,mi_n_width_params,mi_n_rbf_auto,mi_n_params,mi_center_init,hp_max_features,hp_n_estimators,mi_n_leaves_total,hp_complexity,mi_complexity,mi_max_depth,mi_n_leaves,mi_n_params_per_leaf,mi_regressor,hp_min_samples_split,mi_max_depth_actual,hp_max_interaction_complexity,hp_include_interactions,mi_include_interactions
xgb,pmlb_1028_SWD,0.394313483226648,0.02935639737741689,0.3867565687257891,0.3866368480330694,0.5062582476139068,0.028026954424517882,0.6304693687566072,0.02339684308911722,0.502340238233577,0.10802675500692899,19.724627256393433,0.06560134887695312,0.007532835006713867,19.80980110168457,S2,Small (<1K),0,True,True,,1000,False,,False,False,,0.8197484071850708,0.2917976853634834,7.574225178339726,5.8,0.7783849444219935,0.7927636379301493,10.0,10.8,xgb,2000.0,,,,,,,,,,,,,,,,,,,,,,,,,,,,
ebm,pmlb_215_2dplanes,0.7051304705513594,0.005261967965814166,0.7056888589832018,0.7050400292134203,1.9229020785406434,0.008407733238580106,2.384875155364155,0.00806633703769777,0.7056536131491165,0.000523142597757098,384.5340824127197,10.769620656967163,0.0098724365234375,395.33258175849915,S1,Small (<1K),0,False,False,,40768,False,,False,False,,,0.03970190296816527,,,,,10.0,,ebm,,179.2,4.4,,,,,,,,,,,,,,,,,,,,,,,,,,
xgb,fiat_500_price,0.8346024428339142,0.018587393036587803,0.83889819537156,0.8336552846952655,587.5778936091361,26.866566456052382,785.7918682253865,45.06092979121329,0.9208338106765469,0.08623136784263274,8.782843828201294,0.029235124588012695,0.002274751663208008,8.817909002304077,S4,Medium (1K-10K),1538,False,False,7.0,1538,False,1.479032290772437,False,False,7.0,0.019034833938154427,0.29718558694091984,7.538388143059994,7.4,0.755987328602193,0.8592849497434358,7.0,14.0,xgb,2000.0,,,,,,,,,,,,,,,,,,,,,,,,,,,,
xgb,esol,0.8821595131317073,0.013007021643406478,0.8824969029508852,0.8812372736504498,0.5188882328703992,0.01544509728747513,0.715793220263462,0.03611854248236192,0.9547791556955947,0.07261964256388742,38.97649574279785,0.1323556900024414,0.011005163192749023,39.13267135620117,S3,Medium (1K-10K),1128,False,False,7.0,1128,False,9.756350348181758,False,False,7.0,0.018805671146883675,0.2932480567118527,5.726958757040991,7.2,0.8007285483619372,0.9430185725631469,7.0,19.0,xgb,2000.0,,,,,,,,,,,,,,,,,,,,,,,,,,,,
erbf,friedman1,0.9983533925414093,0.0006240467307584141,0.9987217313031308,0.9983482275242869,0.1350287759496637,0.018178439046735696,0.1888996509605877,0.038471437057190465,0.9987850648378622,0.00043167229645291183,54.043625354766846,0.9773032665252686,0.01970839500427246,55.04899334907532,S1,Medium (1K-10K),2000,False,False,5.0,2000,False,9.85419750213623,False,False,5.0,,,,,,,5.0,,erbf,,,,0.001726742314895672,local_variance,79.8,0.0,lipschitz,0.001726742314895672,local_variance,79.8,399.0,0.0,878.8,lipschitz,,,,,,,,,,,,,,
ebm,esol,0.8589873190693164,0.01873008204530495,0.8636771198963622,0.8578837212958584,0.5908699460041188,0.035178880257220296,0.7825652086137393,0.05118367473862227,0.908297166296111,0.049309847226794656,108.94804739952087,2.830780506134033,0.001955270767211914,111.7884669303894,S3,Medium (1K-10K),1128,False,False,7.0,1128,False,1.733396070223328,False,False,7.0,,0.05544916847293835,,,,,7.0,,ebm,,204.8,6.0,,,,,,,,,,,,,,,,,,,,,,,,,,
xgb,MiamiHousing2016,0.9173623906388986,0.0031646850602937136,0.9180731890866656,0.9172658825028652,0.11183017653404212,0.002444646434011871,0.16316878760272338,0.0048122407329775,0.9693429640299716,0.05198057339107298,280.50211215019226,1.8025870323181152,0.12591290473937988,282.4476013183594,S4,Large (>=10K),13932,False,False,13.0,13932,False,9.037676194328156,False,False,13.0,0.030860344519576532,0.29210322416380113,8.180278629572971,8.8,0.7832732640860665,0.8311901534521564,13.0,28.0,xgb,2000.0,,,,,,,,,,,,,,,,,,,,,,,,,,,,
erbf,MiamiHousing2016,0.9180379067966478,0.0016075100641545384,0.9176406888387588,0.9179421875915208,0.11206482464842393,0.002323423316427957,0.16250243956564658,0.0031207021656707496,0.9256540221029234,0.007616115306275595,699.7737121582031,17.52948260307312,0.18194222450256348,717.4990856647491,S4,Large (>=10K),13932,False,False,13.0,13932,False,13.05930408430688,False,False,13.0,,,,,,,13.0,,erbf,,,,0.227917293257468,local_variance,78.4,0.0,lipschitz,0.227917293257468,local_variance,78.4,1019.2,0.0,2117.8,lipschitz,,,,,,,,,,,,,,
rf,synthetic_step,0.9392944247227011,0.006208126653910333,0.9423858394186937,0.9389891798438711,0.4211760794143463,0.020732136235945487,0.5346588327101214,0.03583930398643162,0.9539594956503494,0.01466507092764835,333.7311041355133,7.164933681488037,0.3528275489807129,341.30622005462646,S4,Medium (1K-10K),2000,False,False,8.0,2000,False,176.41377449035645,False,False,8.0,,,,5.8,,,8.0,,rf,333.2,,,,,,,,,,,,,13514,,0.7,333.2,13514.0,,,,,,,,,,,
rf,pmlb_215_2dplanes,0.9465591060193865,0.0009192481321717491,0.9458750295979245,0.9465427148157225,0.8112449407271312,0.004579185837435715,1.0152970738314016,0.005349038190160195,0.9470440248142251,0.0004849187948385847,1167.2937767505646,40.29884433746338,6.00493597984314,1213.705962896347,S1,Small (<1K),0,False,False,,40768,False,,False,False,,,,,13.0,,,10.0,,rf,400.0,,,,,,,,,,,,,26436,,0.7,400.0,26436.0,,,,,,,,,,,
ebm,pmlb_1029_LEV,0.5468724784951738,0.06215016714234569,0.591968398025484,0.5445925915945207,0.4940292034994881,0.021981577226556838,0.6379947572227478,0.02894301924710949,0.5716151133878145,0.024742634892640614,57.380244731903076,1.3133554458618164,0.0009698867797851562,58.70231652259827,S2,Small (<1K),0,True,True,,1000,False,,False,False,,,0.025562060639283186,,,,,4.0,,ebm,,179.2,3.2,,,,,,,,,,,,,,,,,,,,,,,,,,
chebytree,airfoil_noise,0.8317089287556743,0.050392460699421736,0.8490492549581079,0.8310056588145116,1.981857945925833,0.24351045940587918,2.7955115753892583,0.39309143719018247,0.8956535744158722,0.06394464566019797,34.31423234939575,0.44123005867004395,0.20248866081237793,34.97874450683594,S1,Medium (1K-10K),1503,False,False,5.0,1503,False,134.72299455248032,False,False,5.0,,,,7.8,,,5.0,,chebytree,,,0.03454465693513885,0.020996368893386342,,,,,0.020996368893386342,,,,,274.2,,,,,2.4,2.4,7.8,25.6,14.0,Ridge,,,,,
dt,wine_quality,0.30216856260706115,0.01791117221756073,0.3060360994952567,0.3006882782521935,0.5653556294191882,0.005123385929383177,0.7291223796046336,0.0038389419823259023,0.3640121064962549,0.06184354388919372,8.87406849861145,0.1008446216583252,0.0052127838134765625,8.993419647216797,S2,Medium (1K-10K),6497,True,True,11.0,6497,False,0.8023370499425215,False,False,11.0,,,,14.8,,,11.0,,dt,,,0.015564087752015893,,,,,,,,,,,45,,,,,,,,45.0,,,0.02006291470980448,9.6,,,
xgb,power_plant,0.9608046496140601,0.003138739791327509,0.9629059495181916,0.9607841537081857,2.4363027237568478,0.057292105742682536,3.374482353606395,0.10997004168774423,0.9827631956015732,0.021958545987513123,150.95711064338684,0.7778720855712891,0.1659691333770752,151.9154872894287,S1,Medium (1K-10K),9568,False,False,4.0,9568,False,17.346272301115718,False,False,4.0,0.11868744169791116,0.29578023853922086,7.782812769395089,6.8,0.848572191262463,0.9040615413255546,4.0,89.2,xgb,2000.0,,,,,,,,,,,,,,,,,,,,,,,,,,,,
ridge,Allstate_Claims_Severity,0.44759173895870885,0.009861254995249818,0.443254086324253,0.44690034710779736,1356.1056945983678,13.088330259112942,2135.010057953953,42.99654191007425,0.4713791175161063,0.02378737855739743,92.96784543991089,0.04171323776245117,0.005782127380371094,93.03375911712646,S4,Large (>=10K),188318,False,False,130.0,50000,False,0.03070406111137063,False,False,130.0,,,,,,,50.0,,ridge,,,,520.4033228547296,,,,,520.4033228547296,,,,,51.0,,,,,,,,,,,,,,,
ebm,nyc-taxi-green-dec-2016,0.5682102443479347,0.00887787886420926,0.5718356467664405,0.5681238669618924,0.23585304870266968,0.0025511938574694477,0.39192320422177684,0.005328297927411461,0.5799997199972837,0.011789475649349068,716.4156959056854,15.534823894500732,0.04144692420959473,732.0038239955902,S4,Large (>=10K),581835,False,False,9.0,50000,False,0.07123484185309362,False,False,9.0,,0.08479237477959006,,,,,8.0,,ebm,,256.0,4.8,,,,,,,,,,,,,,,,,,,,,,,,,,
chebytree,sulfur,0.7907018794589428,0.027819254863818116,0.7976825393383891,0.7905460319269503,0.012428868875279376,0.00027374526610007344,0.024133458201902946,0.0027441850658570625,0.822519750368922,0.03181787090997923,54.06120538711548,0.7111730575561523,0.2567775249481201,55.052428007125854,S3,Large (>=10K),10081,False,False,6.0,10081,False,25.47143388038093,False,False,6.0,,,,7.6,,,6.0,,chebytree,,,0.03392634323324947,0.16943077645748109,,,,,0.16943077645748109,,,,,481.6,,,,,3.0,3.0,7.6,24.8,20.0,Ridge,,,,,
rf,nyc-taxi-green-dec-2016,0.43991727220289417,0.007708397976272444,0.44068544324164494,0.43980523044793995,0.31523379238674154,0.0037447464970133256,0.4463852234185451,0.00561427876435166,0.4494685639628413,0.009551291759947123,2569.2081072330475,89.96499443054199,6.33747673034668,2665.6082928180695,S4,Large (>=10K),581835,False,False,9.0,50000,False,10.892223276954256,False,False,9.0,,,,19.4,,,8.0,,rf,370.0,,,,,,,,,,,,,47001,,0.7,370.0,47001.0,,,,,,,,,,,
erbf,pol,0.1686989341314336,0.07162199532285313,0.18561575100597283,0.16856034930758287,31.61742790927185,2.548566862065207,38.00208435751075,1.7619410186846254,0.16820204450470416,-0.0004968896267294465,129.41472721099854,2.410702705383301,0.016740083694458008,131.8533489704132,S2,Large (>=10K),15000,True,True,26.0,15000,False,1.116005579630534,False,False,26.0,,,,,,,2.0,,erbf,,,,9.512896215035607,local_variance,49.6,0.0,kmeans,9.512896215035607,local_variance,49.6,99.2,0.0,249.0,kmeans,,,,,,,,,,,,,,
xgb,house_16H,0.5143194592257757,0.06052570819078536,0.5371671445082575,0.5138927261762386,0.316182988421497,0.007436281171470541,0.6092332078883089,0.03994077832498521,0.7257649644246794,0.2114455051989037,247.27317929267883,1.5869472026824951,0.13376212120056152,249.01325368881226,S4,Large (>=10K),22784,False,False,16.0,22784,False,5.870879617299927,False,False,16.0,0.46687324160161864,0.28278899101389954,17.798552495302168,8.6,0.8575230141354219,0.8104412112292512,16.0,17.2,xgb,2000.0,,,,,,,,,,,,,,,,,,,,,,,,,,,,
ridge,synthetic_multithreshold,0.5729652832291542,0.04502155318689827,0.5576076629961307,0.5686445272415909,1.1385704832813814,0.04173146689258954,1.3852439292039234,0.0555320151084768,0.5920777002902433,0.019112417061089126,5.894940614700317,0.0066640377044677734,0.001973390579223633,5.915280342102051,S4,Small (<1K),750,False,False,6.0,750,False,2.6311874389648438,False,False,6.0,,,,,,,6.0,,ridge,,,,3.9690485533539075,,,,,3.9690485533539075,,,,,7.0,,,,,,,,,,,,,,,
dt,synthetic_piecewise,0.9024968294385808,0.0186151981475772,0.9078033234807892,0.9021909851143606,0.3762943935366863,0.017631876821999088,0.4993465655976241,0.033691477067144524,0.9340758398737197,0.03157901043513889,4.598035573959351,0.03502678871154785,0.002422332763671875,4.6457507610321045,S4,Medium (1K-10K),2000,False,False,5.0,2000,False,1.2111663818359375,False,False,5.0,,,,11.8,,,5.0,,dt,,,0.007141033191796096,,,,,,,,,,,82,,,,,,,,82.0,,,0.017287264658356623,11.4,,,
ridge,abalone,0.5151522772954061,0.017269240542581752,0.5192772082414663,0.5141341766317067,1.615474524822795,0.07037227667247678,2.236065602749815,0.13095741762631183,0.5282874813157192,0.013135204020313096,4.085367918014526,0.005872964859008789,0.0019443035125732422,4.10395622253418,S3,Medium (1K-10K),4177,False,True,7.0,4177,False,0.46547845644559305,False,False,7.0,,,,,,,7.0,,ridge,,,,0.6470239654452029,,,,,0.6470239654452029,,,,,8.0,,,,,,,,,,,,,,,
erbf,cpu_act,0.9832063076860427,0.002270300608899729,0.9831863763405813,0.9831523132567479,1.6963422325417004,0.023221037100998883,2.3662238754530134,0.07136271920320168,0.9861196794813084,0.00291337179526574,494.3177812099457,12.385884284973145,0.13297677040100098,506.85148310661316,S1,Medium (1K-10K),8192,False,False,21.0,8192,False,16.23251591809094,False,False,21.0,,,,,,,21.0,,erbf,,,,0.9349381652188231,local_ridge,70.0,0.2,kmeans,0.9349381652188231,local_ridge,64.4,1352.4,0.2,2770.2,kmeans,,,,,,,,,,,,,,
dt,esol,0.8533967481545774,0.01630286151434638,0.849097087147212,0.8522494193486843,0.6083039359332858,0.028052016127273875,0.7982247702379307,0.03919384585665703,0.9114692017858055,0.05807245363122804,5.157108545303345,0.017088890075683594,0.002760171890258789,5.188836574554443,S3,Medium (1K-10K),1128,False,False,7.0,1128,False,2.446960895619494,False,False,7.0,,,,14.2,,,7.0,,dt,,,0.008509072538500383,,,,,,,,,,,49,,,,,,,,49.0,,,0.027737768288818004,9.6,,,
dt,feynman_gaussian,0.9387521755458437,0.02340825444766524,0.9513944414998764,0.9387330266246451,0.03342053136616142,0.006412389977538633,0.08207903134556063,0.014633665086560624,0.9500730652182359,0.011320889672392198,7.57787013053894,0.0797727108001709,0.006120920181274414,7.678945302963257,S1,Medium (1K-10K),8000,False,False,2.0,8000,False,0.7651150226593018,False,False,2.0,,,,11.4,,,2.0,,dt,,,0.008402455136503608,,,,,,,,,,,80,,,,,,,,80.0,,,0.016219372359879882,9.6,,,
erbf,pmlb_215_2dplanes,0.9483309945932014,0.0009797822060870843,0.9475778442655881,0.9483151468567541,0.7972178256253823,0.005490312108092553,0.9983119928991208,0.006046958151672005,0.9485539384192556,0.000222943826054256,2281.188012599945,43.44303274154663,0.21460747718811035,2324.8620460033417,S1,Small (<1K),0,False,False,,40768,False,,False,False,,,,,,,,10.0,,erbf,,,,5.958059642267672,local_ridge,29.0,0.8,lipschitz,5.958059642267672,local_ridge,37.8,378.0,0.8,794.8,lipschitz,,,,,,,,,,,,,,
chebypoly,student_performance,0.21275949533697175,0.0662390279516648,0.19709116329610155,0.17980287764210443,2.087873763384525,0.12992182670980154,2.822209017845192,0.3267907260216409,0.3518417269286926,0.13908223159172084,2.6633846759796143,0.015221118927001953,0.007277250289916992,2.688775062561035,S2,Small (<1K),649,True,True,30.0,649,False,11.213020477530034,False,False,30.0,,,,,,,20.8,,chebypoly,,,,410.13321074058103,,,,,410.13321074058103,,,,,247.6,,,,,8.8,8.8,,,,Ridge,,,1.5,0.4,0.4
ebm,Brazilian_houses,0.9780709546290108,0.016942059051556494,0.9867571602944167,0.9780504235169346,0.055676780806218,0.0028707415404240094,0.11209221116264971,0.04277839879641686,0.9817930270094477,0.0037220723804368694,368.13279390335083,8.604150772094727,0.011347293853759766,376.7577805519104,S4,Large (>=10K),10692,False,False,8.0,10692,False,1.0612882392218261,False,False,8.0,,0.06259562849560331,,,,,8.0,,ebm,,256.0,5.6,,,,,,,,,,,,,,,,,,,,,,,,,,
chebytree,medical_charges,0.9799989612087764,0.0006171689418968052,0.9803511135164343,0.9799974609808443,0.050756549722976343,0.0002713854977469184,0.07974137545904184,0.0014584859882783691,0.9800758476663489,7.688645757253365e-05,55.948185443878174,0.402742862701416,0.1265866756439209,56.49848961830139,S4,Large (>=10K),163065,False,False,3.0,50000,False,0.7762958062362916,False,False,3.0,,,,4.6,,,3.0,,chebytree,,,0.0657422839059469,0.0024988139979623515,,,,,0.0024988139979623515,,,,,78.4,,,,,4.2,4.2,4.6,5.6,14.6,Ridge,,,,,
xgb,pmlb_1030_ERA,0.32827654858032834,0.09019533925878094,0.3283513001886381,0.3248968079442545,1.2890504182577136,0.05747177911840266,1.6060136069820605,0.06761305109469724,0.41310609278685295,0.08482954420652461,18.63984966278076,0.06085062026977539,0.0072460174560546875,18.720762729644775,S2,Small (<1K),0,True,True,,1000,False,,False,False,,0.29565263623110793,0.29874716677268864,14.023458735467386,5.8,0.8321613383757949,0.757490185096046,4.0,15.6,xgb,2000.0,,,,,,,,,,,,,,,,,,,,,,,,,,,,
rf,diabetes,0.45131075162070144,0.07706148170269746,0.4819853039415347,0.4352971233552479,46.36068939647338,2.8535676212344963,56.40493022737943,3.0378978658724005,0.8177826486296624,0.366471897008961,327.97767186164856,2.82239031791687,0.33442163467407227,331.209566116333,S3,Small (<1K),442,False,False,10.0,442,False,756.6100331992585,False,False,10.0,,,,12.8,,,10.0,,rf,297.6,,,,,,,,,,,,,12319,,sqrt,297.6,12319.0,,,,,,,,,,,
chebytree,qsar_fish_toxicity,0.5680343586952386,0.062273106494015934,0.6008233247732022,0.5644279009054782,0.6923726872023612,0.018999926246855404,0.9498784343011201,0.04389296219209224,0.6540731116133919,0.08603875291815333,32.70670008659363,0.11023902893066406,0.04924464225769043,32.88120889663696,S3,Small (<1K),907,False,False,6.0,907,False,54.293982643539614,False,False,6.0,,,,2.6,,,6.0,,chebytree,,,0.056934042198275414,0.20751313937254007,,,,,0.20751313937254007,,,,,50.4,,,,,2.0,2.0,2.6,4.8,14.0,Ridge,,,,,
xgb,analcatdata_supreme,0.9775817970700398,0.008904697099152276,0.981359247976873,0.9775471531360633,0.021685161716380807,0.0010366321165902262,0.0804809456792129,0.014896709336972529,0.9788527480013848,0.001270950931344994,60.846137046813965,1.326110601425171,0.2689070701599121,62.45484471321106,S2,Medium (1K-10K),4052,False,True,7.0,4052,False,66.36403508388749,False,False,7.0,254.70010256942064,0.1850665388098965,19.45974718385103,6.0,0.7578095736365753,0.799011857372122,5.0,702.8,xgb,2000.0,,,,,,,,,,,,,,,,,,,,,,,,,,,,
rf,Allstate_Claims_Severity,0.4299955670990864,0.00748777842736286,0.4289136627070107,0.4292821519536497,1350.3498472487797,10.321002738565898,2168.8695947286446,45.72398385790746,0.4459029391607198,0.01590737206163345,2426.440499305725,58.32682251930237,2.387786388397217,2487.181757926941,S4,Large (>=10K),188318,False,False,130.0,50000,False,12.679544113665273,False,False,130.0,,,,17.8,,,50.0,,rf,274.4,,,,,,,,,,,,,5613,,0.54,274.4,5613.0,,,,,,,,,,,
ebm,friedman1_d100,0.26312398019541405,0.29116207207368217,0.15921993377198373,0.25485238825095957,3.1990242670779496,0.8021277306199173,3.943142413318049,0.9928926951132785,0.31782221500951346,0.05469823481409941,238.70328640937805,3.2454535961151123,0.002241373062133789,241.95717120170593,S1,Medium (1K-10K),2000,False,False,100.0,2000,False,1.1206865310668945,False,False,100.0,,0.04728446203749405,,,,,18.4,,ebm,,179.2,6.0,,,,,,,,,,,,,,,,,,,,,,,,,,
rf,synthetic_multithreshold,0.9662286014987884,0.007382698048694855,0.9642075878680513,0.965886901008051,0.2881777796013966,0.02080443571105013,0.3872111598479216,0.03474501856097468,0.9887030345497321,0.022474433050943654,381.77719163894653,6.51229190826416,0.5474774837493896,388.9368107318878,S4,Small (<1K),750,False,False,6.0,750,False,729.9699783325195,False,False,6.0,,,,12.8,,,6.0,,rf,446.6,,,,,,,,,,,,,39516,,0.7,446.6,39516.0,,,,,,,,,,,
chebypoly,energy_efficiency_heating,0.99733469304301,0.00020798104196251553,0.9972078678704933,0.9972994726111875,0.3905971845763653,0.01461315655309944,0.517934699027381,0.025604337423281616,0.9977044503228407,0.00036975727983068474,10.105008125305176,0.02672290802001953,0.025855302810668945,10.170623779296875,S1,Small (<1K),768,False,False,8.0,768,False,33.665758868058525,False,False,8.0,,,,,,,8.0,,chebypoly,,,,0.5542258256685865,,,,,0.5542258256685865,,,,,137.2,,,,,10.6,10.6,,,,Ridge,,,1.8,1.0,1.0
erbf,fiat_500_price,0.8422189476404661,0.021544657166013063,0.8472261683028729,0.8413153949431764,586.9673100782577,27.524446466421885,766.4893725999972,43.10317802585863,0.8604353241984395,0.01821637655797337,50.42694067955017,0.6908218860626221,0.008609771728515625,51.136640548706055,S4,Medium (1K-10K),1538,False,False,7.0,1538,False,5.59803103284501,False,False,7.0,,,,,,,7.0,,erbf,,,,1.3379625768868633,local_ridge,40.0,0.4,kmeans,1.3379625768868633,local_ridge,40.0,280.0,0.4,601.0,kmeans,,,,,,,,,,,,,,
rf,MiamiHousing2016,0.8644760704638597,0.00473293840326083,0.8662537216023546,0.8643177993224018,0.14106988728456932,0.0026402003474890884,0.20891541186811757,0.003954421560474786,0.8785559446163187,0.014079874152459038,3418.29945230484,99.33910012245178,2.4736814498901367,3520.214702606201,S4,Large (>=10K),13932,False,False,13.0,13932,False,177.5539369717296,False,False,13.0,,,,17.2,,,13.0,,rf,459.4,,,,,,,,,,,,,47457,,0.5,459.4,47457.0,,,,,,,,,,,
erbf,power_plant,0.9476514778687527,0.002557421781761301,0.9465626353789933,0.9476241039263517,2.9279771975107765,0.06330409124208626,3.9024330466861565,0.08546856492876823,0.9512330305755892,0.003581552706836466,251.56761956214905,5.2105491161346436,0.0783226490020752,256.87027645111084,S1,Medium (1K-10K),9568,False,False,4.0,9568,False,8.185895589681772,False,False,4.0,,,,,,,4.0,,erbf,,,,0.4643557577189938,local_variance,77.0,0.0,lipschitz,0.4643557577189938,local_variance,77.0,308.0,0.0,694.0,lipschitz,,,,,,,,,,,,,,
tabpfn,pmlb_1029_LEV,0.5463869715136208,0.059490437024284304,0.5696890726421795,0.5441046418105446,0.4763063362240791,0.015414189449253424,0.6384566134187121,0.026852741270214527,0.5888357030981928,0.042448731584571964,0.03846931457519531,1.5390517711639404,2.4907870292663574,4.081843376159668,S2,Small (<1K),0,True,True,,1000,False,,False,False,,,,,,,,4.0,,tabpfn,,,,,,,,,,,,,,foundation,,,,,,,,,,,,,,,
erbf,abalone,0.5572996945474092,0.016546287531840443,0.5594715675061277,0.5563700948538081,1.5294071109801426,0.05266436564528448,2.135941193241313,0.11329319180300594,0.6038924719255162,0.046592777378106964,107.99085068702698,1.7544312477111816,0.025274991989135742,109.78195714950562,S3,Medium (1K-10K),4177,False,True,7.0,4177,False,6.050991618179493,False,False,7.0,,,,,,,7.0,,erbf,,,,3.9199749821979837,local_ridge,52.5,0.2,lipschitz,3.9199749821979837,local_ridge,50.0,350.0,0.2,751.0,lipschitz,,,,,,,,,,,,,,
ridge,cpu_act,0.7368671173844034,0.026233115638359505,0.7309309828647015,0.736021106844809,6.002572009275538,0.11416647556745578,9.385399622198829,0.3436946086662487,0.7423717216524048,0.005504604268001478,7.730860233306885,0.011117935180664062,0.003432750701904297,7.758310317993164,S1,Medium (1K-10K),8192,False,False,21.0,8192,False,0.41903695091605186,False,False,21.0,,,,,,,21.0,,ridge,,,,30.444931719879424,,,,,30.444931719879424,,,,,22.0,,,,,,,,,,,,,,,
tabpfn,superconduct,0.9307282406186086,0.0021133145158712062,0.930081922616846,0.9305240123835233,4.859620419772752,0.0994819377384892,9.011876708170822,0.21170414892091713,0.9647270266246576,0.033998786006049,26.62649440765381,14.078310251235962,503.2256736755371,543.9437720775604,S3,Large (>=10K),21263,False,False,79.0,21263,False,23666.729703030484,False,False,79.0,,,,,,,50.0,,tabpfn,,,,,,,,,,,,,,foundation,,,,,,,,,,,,,,,
rf,pmlb_529_pollen,0.710258533584204,0.019154149209836845,0.7206200345060327,0.7098814351081757,1.3103306964950503,0.030063478537956278,1.6889029005132883,0.037979605446148534,0.7763121672786296,0.06605363369442563,476.8661756515503,12.056848287582397,0.9981949329376221,490.0209822654724,S3,Small (<1K),0,False,False,,3848,False,,False,False,,,,,17.0,,,4.0,,rf,412.8,,,,,,,,,,,,,45852,,0.5,412.8,45852.0,,,,,,,,,,,
ridge,food_delivery_time,0.18088615547803716,0.007406618495538675,0.17884141417138422,0.1806833532014001,6.741495397476712,0.0524644862713441,8.489483940691368,0.05961097107667686,0.22891181409500988,0.04802565861697272,42.9276180267334,0.028717994689941406,0.0066013336181640625,42.99592900276184,S2,Large (>=10K),45451,False,False,9.0,45451,False,0.14524066837174235,False,False,9.0,,,,,,,9.0,,ridge,,,,960.0395929118774,,,,,960.0395929118774,,,,,10.0,,,,,,,,,,,,,,,
tabpfn,nyc-taxi-green-dec-2016,0.5779725022463754,0.011543681249485415,0.5790930273447109,0.5778880777513133,0.23681245859911032,0.003303725915916032,0.3874563556406683,0.006626957109984338,0.626256863299259,0.048284361052883584,0.36952757835388184,12.261456966400146,542.3498873710632,555.0210201740265,S4,Large (>=10K),581835,False,False,9.0,50000,False,932.1369243360458,False,False,9.0,,,,,,,8.0,,tabpfn,,,,,,,,,,,,,,foundation,,,,,,,,,,,,,,,
tabpfn,pmlb_225_puma8NH,0.6876761566608411,0.014966997911370494,0.6926807981655754,0.68729437644776,2.3945253224732133,0.03318019900503587,3.1397582749492026,0.05005665962166704,0.6993832886006113,0.011707131939770132,0.09535503387451172,2.825477123260498,22.922358751296997,25.862234354019165,S1,Small (<1K),0,False,False,,8192,False,,False,False,,,,,,,,8.0,,tabpfn,,,,,,,,,,,,,,foundation,,,,,,,,,,,,,,,
erbf,qsar_fish_toxicity,0.6144552424343399,0.02991743712928278,0.6249084530007688,0.6112362421981072,0.6470587480795988,0.02546947258122216,0.8999074119971174,0.019969085618112014,0.6983669537265003,0.08391171129216035,97.08649706840515,0.9934413433074951,0.010443925857543945,98.1043632030487,S3,Small (<1K),907,False,False,6.0,907,False,11.514802489023092,False,False,6.0,,,,,,,6.0,,erbf,,,,14.9877915917682,local_variance,55.666666666666664,0.4,kmeans,14.9877915917682,local_variance,49.4,296.4,0.4,643.2,kmeans,,,,,,,,,,,,,,
rf,qm7,0.7719601761697905,0.03096081532125984,0.759368634945785,0.7713746241755691,58.49653926014746,2.0716615436760764,106.0712782459824,6.390447044850016,0.7927107808933407,0.02075060472355017,502.5758218765259,10.988865613937378,0.8852620124816895,514.5201570987701,S3,Medium (1K-10K),6834,False,False,16.0,6834,False,129.5379005679967,False,False,16.0,,,,15.2,,,14.0,,rf,305.0,,,,,,,,,,,,,46479,,0.6199999999999999,305.0,46479.0,,,,,,,,,,,
erbf,synthetic_piecewise,0.9598978180642401,0.003459983952386917,0.9613152588570533,0.9597720270293099,0.2547622626354076,0.007140965068690414,0.3218166213839383,0.009033614204897903,0.9653497364068416,0.005451918342601503,87.07669234275818,1.3518116474151611,0.013177156448364258,88.45721578598022,S4,Medium (1K-10K),2000,False,False,5.0,2000,False,6.588578224182129,False,False,5.0,,,,,,,5.0,,erbf,,,,0.007728836440202011,local_ridge,28.666666666666668,0.4,kmeans,0.007728836440202011,local_ridge,33.2,166.0,0.4,366.2,kmeans,,,,,,,,,,,,,,
chebytree,friedman1,0.9482456841285767,0.005878920390109697,0.947757535985609,0.9480833431126691,0.7432683781303304,0.06283337433666254,1.0737860476612398,0.07073614845540453,0.9573070655798187,0.009061381451242023,12.641106843948364,0.09557509422302246,0.07830381393432617,12.825319766998291,S1,Medium (1K-10K),2000,False,False,5.0,2000,False,39.151906967163086,False,False,5.0,,,,6.0,,,5.0,,chebytree,,,0.07982616656319592,0.004096267998563703,,,,,0.004096267998563703,,,,,151.2,,,,,2.0,2.0,6.0,9.0,12.0,Ridge,,,,,
rf,sulfur,0.7315825611523443,0.062332936106197015,0.715432672518882,0.7313826907865806,0.012267185298701081,0.00044330274931298386,0.027408053765155694,0.0052209487210165845,0.7391958139834237,0.007613252831079387,1078.6356842517853,23.223479986190796,0.5568685531616211,1102.4577283859253,S3,Large (>=10K),10081,False,False,6.0,10081,False,55.23941604618798,False,False,6.0,,,,14.6,,,6.0,,rf,186.8,,,,,,,,,,,,,11392,,0.7,186.8,11392.0,,,,,,,,,,,
xgb,wine_quality,0.4397924575193521,0.004065587218719682,0.43913916322290114,0.4386041123946983,0.47203397803050473,0.007748539469134568,0.6534153857566947,0.007703868297695114,0.8619684205975119,0.4221759630781598,100.71929168701172,1.066796064376831,0.08857107162475586,101.88916778564453,S2,Medium (1K-10K),6497,True,True,11.0,6497,False,13.632610685663517,False,False,11.0,1.3783541788026485,0.2891059034837947,6.588142185662834,9.0,0.8865176229417495,0.8271106543336089,11.0,48.4,xgb,2000.0,,,,,,,,,,,,,,,,,,,,,,,,,,,,
xgb,house_sales,0.8761199150084795,0.0018823127663688674,0.8763325859234011,0.8760195224640153,0.13078016895513964,0.0012160450040645952,0.18533826008264773,0.0014197074149365917,0.9374832252508755,0.06136331024239594,297.00554370880127,1.714932918548584,0.18271303176879883,298.92215037345886,S4,Large (>=10K),21613,False,False,15.0,21613,False,8.45384869147267,False,False,15.0,0.17556207630912118,0.2848554965670039,14.915067109907815,8.8,0.9792207184860005,0.8574495624907348,14.0,30.2,xgb,2000.0,,,,,,,,,,,,,,,,,,,,,,,,,,,,
erbf,pmlb_529_pollen,0.7915253499931418,0.013929512624378507,0.7932686793406516,0.7912540210406644,1.131446943282935,0.019943391517752214,1.4323828642318364,0.020840730261637266,0.7988922667539509,0.007366916760809028,93.27905130386353,1.4218249320983887,0.016946792602539062,94.73056197166443,S3,Small (<1K),0,False,False,,3848,False,,False,False,,,,,,,,4.0,,erbf,,,,0.00285517005339581,local_ridge,27.0,0.4,lipschitz,0.00285517005339581,local_ridge,32.2,128.8,0.4,290.8,lipschitz,,,,,,,,,,,,,,
xgb,feynman_wave_interference,0.9347547377168297,0.0074500387263424245,0.9323275892645221,0.9347139275449559,0.41874173356851924,0.014636291358667937,0.7730804937391574,0.05166951789828171,0.973217340475984,0.03846260275915425,79.69456601142883,0.4581766128540039,0.10237932205200195,80.26913118362427,S1,Medium (1K-10K),8000,False,False,4.0,8000,False,12.797415256500244,False,False,4.0,0.25302315549867177,0.29363806740187537,21.344334509440753,5.8,0.9007539004340768,0.8920067292534062,4.0,75.2,xgb,2000.0,,,,,,,,,,,,,,,,,,,,,,,,,,,,
xgb,qsar_tid_11,0.49466303335397244,0.05502956360398066,0.5001940353335594,0.4914517465639385,0.8195307510470622,0.04575433340478074,1.0984924872247173,0.06598717934513007,0.6097138499481547,0.11505081659418226,49.634363889694214,0.10723662376403809,0.012408018112182617,49.76445007324219,S3,Medium (1K-10K),5742,False,False,1024.0,5742,False,2.1609226945633258,False,False,1024.0,0.7678280627228617,0.28820411437298865,3.6160671649965024,9.0,0.935388013527913,0.8214140915117604,29.0,21.4,xgb,2000.0,,,,,,,,,,,,,,,,,,,,,,,,,,,,
dt,cpu_act,0.9677364692445025,0.004699990783997537,0.9689885865003487,0.9676327373661197,2.3327836064608163,0.06743600556002743,3.2769318044071083,0.1076658133929601,0.9743796113805056,0.006643142136003033,19.099785327911377,0.3665175437927246,0.0074672698974609375,19.487149953842163,S1,Medium (1K-10K),8192,False,False,21.0,8192,False,0.9115319699048996,False,False,21.0,,,,11.0,,,21.0,,dt,,,0.007230086219875931,,,,,,,,,,,86,,,,,,,,86.0,,,0.01923252706558721,10.2,,,
xgb,lipophilicity,0.39211146182346324,0.017094317884514675,0.39428140867695827,0.3897496713284558,0.7063343045215787,0.003009772197723425,0.9369163436653014,0.006766230016054887,0.7845915248800919,0.39248006305662864,79.48042798042297,0.551764726638794,0.03182339668273926,80.0785071849823,S3,Medium (1K-10K),4200,False,False,16.0,4200,False,7.576999210176013,False,False,16.0,0.05034175142238061,0.28867184459961215,5.639454515419297,8.8,0.8385299676205547,0.8853530887939571,13.0,21.8,xgb,2000.0,,,,,,,,,,,,,,,,,,,,,,,,,,,,
rf,Ailerons,0.7565482465076212,0.061562545467510096,0.764392333860056,0.7562268999639915,0.0001442338722544408,1.651271078888554e-05,0.00019981117339117524,2.571358338132765e-05,0.7702756812678053,0.01372743476018412,581.8336863517761,17.33724880218506,1.0378549098968506,600.2405891418457,S1,Large (>=10K),13750,False,False,33.0,13750,False,75.48035708340731,False,False,33.0,,,,14.2,,,15.6,,rf,414.6,,,,,,,,,,,,,31923,,0.7,414.6,31923.0,,,,,,,,,,,
tabpfn,healthcare_insurance,0.8571644740904176,0.042929070624291105,0.8829827124170595,0.8563585662946478,2000.2666143231122,225.64820507475824,4467.851240543357,641.0835158209524,0.8822373700883002,0.02507289599788254,0.15416240692138672,1.245757818222046,3.9249837398529053,5.341470003128052,S4,Medium (1K-10K),1338,False,False,6.0,1338,False,2933.4706575881205,False,False,6.0,,,,,,,6.0,,tabpfn,,,,,,,,,,,,,,foundation,,,,,,,,,,,,,,,
xgb,elevators,0.87305445436389,0.007189775251064736,0.8774811174184194,0.872901302564032,0.0017284414518613875,4.087921423707342e-05,0.0023903673865967546,7.900405404646227e-05,0.9581100148915522,0.08505556052766228,312.7970311641693,1.5405480861663818,0.2201979160308838,314.5716304779053,S1,Large (>=10K),16599,False,False,16.0,16599,False,13.265733841248496,False,False,16.0,0.014685674152351533,0.27750191456874806,8.607113447395482,8.8,0.9034689640284481,0.8956088320637351,16.0,58.6,xgb,2000.0,,,,,,,,,,,,,,,,,,,,,,,,,,,,
rf,physiochemical_protein,0.42420851547319954,0.0019757760439357,0.42404990386001895,0.42406682675004265,3.6990314766859393,0.02200129409128181,4.642115980556497,0.025966821249260058,0.444295172029442,0.020086656556242477,7440.946593284607,303.5143780708313,5.840567350387573,7750.381121635437,S3,Large (>=10K),45730,False,False,9.0,45730,False,127.7185075527569,False,False,9.0,,,,18.0,,,9.0,,rf,457.0,,,,,,,,,,,,,40364,,0.7,457.0,40364.0,,,,,,,,,,,
tabpfn,Allstate_Claims_Severity,0.5263464430865584,0.01582835490613274,0.5282904075117706,0.5257536202913528,1215.7625737742187,13.548765534551322,1976.7206519856088,46.37187322802564,0.6089089953765854,0.08256255229002696,51.99389123916626,19.231293201446533,2541.982065677643,2613.2553157806396,S4,Large (>=10K),188318,False,False,130.0,50000,False,13498.348886870308,False,False,130.0,,,,,,,50.0,,tabpfn,,,,,,,,,,,,,,foundation,,,,,,,,,,,,,,,
tabpfn,pol,0.16428157614390618,0.07400532095851692,0.18355436993229357,0.1641422549096216,30.867768622086167,2.2642309789596005,38.10110155814137,1.8112520966971308,0.16301324878058376,-0.0012683273633224135,1.9220151901245117,2121.503828763962,31.366425275802612,2154.803543329239,S2,Large (>=10K),15000,True,True,26.0,15000,False,2091.095018386841,False,False,26.0,,,,,,,2.0,,tabpfn,,,,,,,,,,,,,,foundation,,,,,,,,,,,,,,,
chebytree,nyc-taxi-green-dec-2016,0.5299997595565391,0.005344480364417279,0.5271911064875145,0.5299057383536798,0.2557203710626661,0.00305595469291429,0.40890410277837475,0.003621022117308718,0.5706846416129722,0.04068488205643306,111.7116870880127,1.6646673679351807,0.7414681911468506,114.15201139450073,S4,Large (>=10K),581835,False,False,9.0,50000,False,1.274361616518172,False,False,9.0,,,,10.2,,,8.0,,chebytree,,,0.016238658837655635,4.144572015845876,,,,,4.144572015845876,,,,,1910.8,,,,,5.0,5.0,10.2,46.6,42.0,Ridge,,,,,
dt,healthcare_insurance,0.8412249361780482,0.03931598201075519,0.8525251855934025,0.8403290760981044,2792.8085386209814,146.16916098011868,4723.368337033036,521.8148472880845,0.8661278916382351,0.02490295546018695,11.836163997650146,0.011742115020751953,0.0032379627227783203,11.865290641784668,S4,Medium (1K-10K),1338,False,False,6.0,1338,False,2.4200020349613753,False,False,6.0,,,,6.0,,,6.0,,dt,,,0.029430409480642572,,,,,,,,,,,12,,,,,,,,12.0,,,0.0534675703536478,5.2,,,
tabpfn,synthetic_multithreshold,0.9658266602405451,0.007189900043034587,0.9654199753460282,0.9654808928905337,0.2978303682332727,0.021260810876244377,0.3899759505572896,0.03339091944062325,0.9899553452854489,0.02412868504490384,0.05308270454406738,0.7885971069335938,2.5731194019317627,3.427107334136963,S4,Small (<1K),750,False,False,6.0,750,False,3430.82586924235,False,False,6.0,,,,,,,6.0,,tabpfn,,,,,,,,,,,,,,foundation,,,,,,,,,,,,,,,
chebypoly,superconduct,0.8200126804751692,0.004633876578731248,0.8223537683764094,0.8194820388260775,9.995872689316199,0.1558147745907358,14.5254258637504,0.24256548582491777,0.8341102641233729,0.014097583648203682,96.39280390739441,2.1385116577148438,0.5645442008972168,99.12065982818604,S3,Large (>=10K),21263,False,False,79.0,21263,False,26.5505432392991,False,False,79.0,,,,,,,50.0,,chebypoly,,,,0.6825162604013245,,,,,0.6825162604013245,,,,,892.0,,,,,13.8,13.8,,,,Ridge,,,2.0,1.0,1.0
erbf,house_sales,0.8705898857958214,0.00450247541963073,0.8713765563413609,0.8704850116920534,0.13690366413351723,0.002287483099146981,0.18939514254159812,0.002488159542298264,0.8756730755029306,0.0050831897071091925,1791.0306375026703,48.36304569244385,0.30597901344299316,1839.717755317688,S4,Large (>=10K),21613,False,False,15.0,21613,False,14.157174545088289,False,False,15.0,,,,,,,14.0,,erbf,,,,0.3624093564035578,local_variance,74.0,0.0,kmeans,0.3624093564035578,local_variance,74.0,1036.0,0.0,2147.0,kmeans,,,,,,,,,,,,,,
dt,abalone,0.4821923502554052,0.03776258085051092,0.4963296828909539,0.4811050414816299,1.64807511053199,0.030220719305691222,2.306122841984333,0.084719619766355,0.5563431983707283,0.07415084811532313,6.372424125671387,0.05133509635925293,0.0036907196044921875,6.4402015209198,S3,Medium (1K-10K),4177,False,True,7.0,4177,False,0.8835814231487161,False,False,7.0,,,,10.6,,,7.0,,dt,,,0.014678867868681184,,,,,,,,,,,34,,,,,,,,34.0,,,0.023963636211787993,7.6,,,
chebytree,synthetic_piecewise,0.9519500984216084,0.0038265239418660423,0.9510246596388303,0.9517993772748756,0.2803328647732314,0.007575165470368246,0.3524199243707842,0.01230365333151436,0.9629875061201478,0.011037407698539448,34.60275673866272,0.2738921642303467,0.11661744117736816,35.01250100135803,S4,Medium (1K-10K),2000,False,False,5.0,2000,False,58.30872058868408,False,False,5.0,,,,5.6,,,5.0,,chebytree,,,0.0832938195240382,0.026363876180350836,,,,,0.026363876180350836,,,,,199.2,,,,,3.8,3.8,5.6,9.6,21.0,Ridge,,,,,
chebypoly,synthetic_multithreshold,0.8590270421775312,0.014987626420519165,0.8526741240581917,0.8576006716093442,0.6036345209125475,0.04887444395940084,0.7968244940751202,0.052619662558941405,0.8950350618873879,0.036008019709856676,9.685177564620972,0.019501924514770508,0.016291141510009766,9.733247995376587,S4,Small (<1K),750,False,False,6.0,750,False,21.721522013346355,False,False,6.0,,,,,,,6.0,,chebypoly,,,,2.5863207218784074,,,,,2.5863207218784074,,,,,93.2,,,,,13.2,13.2,,,,Ridge,,,1.3333333333333333,0.6,0.6
rf,pmlb_1029_LEV,0.5267229175578436,0.06438985416856324,0.5628062138636769,0.5243416492185119,0.49728351556668793,0.01864508445865676,0.6521194291841799,0.031130693692616937,0.6005624042979716,0.07383948674012797,162.364727973938,2.5992867946624756,0.39818477630615234,165.4401125907898,S2,Small (<1K),0,True,True,,1000,False,,False,False,,,,,5.6,,,4.0,,rf,339.2,,,,,,,,,,,,,13966,,sqrt,339.2,13966.0,,,,,,,,,,,
rf,qsar_fish_toxicity,0.6184931211236316,0.033300712673682745,0.6222499208642487,0.6153078692595567,0.6469992416032511,0.020176658135096302,0.8950529932717185,0.0281923354435742,0.7855122295727821,0.16701910844915047,349.9195158481598,4.390293121337891,0.561823844909668,354.97255182266235,S3,Small (<1K),907,False,False,6.0,907,False,619.4309205178257,False,False,6.0,,,,15.8,,,6.0,,rf,435.4,,,,,,,,,,,,,41618,,sqrt,435.4,41618.0,,,,,,,,,,,
erbf,qsar_tid_11,0.42280419254799995,0.0528130482708601,0.44216151424735817,0.4191399369535895,0.8983882744835437,0.03631111564864616,1.174353930689262,0.058372817693556726,0.48363799357437254,0.06083380102637259,276.0417013168335,2.9959609508514404,0.03712797164916992,279.08490681648254,S3,Medium (1K-10K),5742,False,False,1024.0,5742,False,6.46603476997038,False,False,1024.0,,,,,,,29.0,,erbf,,,,18.01229898449246,local_ridge,76.5,0.6,lipschitz,18.01229898449246,local_ridge,65.4,1898.0,0.6,3862.4,lipschitz,,,,,,,,,,,,,,
chebypoly,Allstate_Claims_Severity,0.4629207813722299,0.008998295721388492,0.462506388474915,0.46224857528618546,1329.0302184536818,17.449773968602983,2105.0904123390037,36.536666698231926,0.48757869145597,0.024657910083740076,262.66801500320435,3.7023463249206543,1.0545213222503662,267.4494936466217,S4,Large (>=10K),188318,False,False,130.0,50000,False,5.599684163225853,False,False,130.0,,,,,,,50.0,,chebypoly,,,,97.02761455649085,,,,,97.02761455649085,,,,,742.0,,,,,12.0,12.0,,,,Ridge,,,1.4,1.0,1.0
ebm,qsar_tid_11,0.2558072529508399,0.037240816965418366,0.26818615546044844,0.2510792522460631,1.0624724385522633,0.023695005081838385,1.3342923112333294,0.04102523499920822,0.2571368697558437,0.0013296168050038193,429.60911893844604,8.292592525482178,0.002624988555908203,437.9131169319153,S3,Medium (1K-10K),5742,False,False,1024.0,5742,False,0.4571557916942186,False,False,1024.0,,0.052743065930718834,,,,,29.0,,ebm,,153.6,3.6,,,,,,,,,,,,,,,,,,,,,,,,,,
xgb,food_delivery_time,0.34589631507780505,0.00535718114082709,0.3440462101845083,0.34573436723728135,5.957032741652411,0.018915998397378533,7.586247093033107,0.030691396987747976,0.4414115865890741,0.09551527151126904,260.091472864151,0.960207462310791,0.25582146644592285,261.33186435699463,S2,Large (>=10K),45451,False,False,9.0,45451,False,5.628511285690586,False,False,9.0,0.07629956457258197,0.2902324922436274,35.414088704003404,6.2,0.8345901564805729,0.8430626551095575,9.0,63.6,xgb,2000.0,,,,,,,,,,,,,,,,,,,,,,,,,,,,
chebypoly,pmlb_547_no2,0.5469861785992738,0.06196836772086998,0.534980085046554,0.5388966460742608,0.3966119303828478,0.03020225563350189,0.4976574141059964,0.022173434164685597,0.6630059285738754,0.11601974997460163,9.954129934310913,0.017292261123657227,0.014756441116333008,10.000197410583496,S3,Small (<1K),0,False,False,,500,False,,False,False,,,,,,,,7.0,,chebypoly,,,,1.0223429922534295,,,,,1.0223429922534295,,,,,55.2,,,,,5.8,5.8,,,,Ridge,,,1.5,0.4,0.4
chebypoly,cpu_act,0.9835174444741263,0.002509894461347306,0.9830257843257135,0.9834644503764203,1.7047180649789375,0.033182580555580134,2.340398970211033,0.0661464034204552,0.9860797468190151,0.002562302344888856,27.366395711898804,0.34847021102905273,0.18410277366638184,27.91304349899292,S1,Medium (1K-10K),8192,False,False,21.0,8192,False,22.473483113572,False,False,21.0,,,,,,,21.0,,chebypoly,,,,2.2028765545334332,,,,,2.2028765545334332,,,,,424.6,,,,,10.6,10.6,,,,Ridge,,,2.0,1.0,1.0
chebytree,MiamiHousing2016,0.89750084922739,0.0075380200526541175,0.8973457177542096,0.89738114584156,0.12333713356444623,0.0021124567397719364,0.18156691009706585,0.006020237350892606,0.9138280915035978,0.016327242276207743,58.91995692253113,0.653815507888794,0.20088768005371094,59.79268765449524,S4,Large (>=10K),13932,False,False,13.0,13932,False,14.419155903941354,False,False,13.0,,,,6.8,,,13.0,,chebytree,,,0.06493006240857022,0.008842746689423937,,,,,0.008842746689423937,,,,,601.8,,,,,3.4,3.4,6.8,13.6,46.2,Ridge,,,,,
chebytree,cpu_act,0.9824219811788641,0.0026147430928565815,0.9812353941741777,0.9823654649557703,1.756806392746531,0.037545523779188246,2.4173246271758617,0.06605695456240897,0.9834672893064275,0.0010453081275633158,40.05852913856506,0.16830730438232422,0.07743620872497559,40.31998085975647,S1,Medium (1K-10K),8192,False,False,21.0,8192,False,9.452662197872996,False,False,21.0,,,,1.0,,,21.0,,chebytree,,,0.02007826871873918,0.02591345954797946,,,,,0.02591345954797946,,,,,163.6,,,,,3.8,3.8,1.0,2.0,81.8,Ridge,,,,,
ridge,synthetic_piecewise,0.7912934814235757,0.017422119479003913,0.796126972344596,0.7906388185673134,0.5718390807626141,0.020929421004768665,0.7343314487441669,0.023961541902332312,0.7941066476337453,0.002813166210169582,3.2605528831481934,0.004418611526489258,0.0013914108276367188,3.2744574546813965,S4,Medium (1K-10K),2000,False,False,5.0,2000,False,0.6957054138183594,False,False,5.0,,,,,,,5.0,,ridge,,,,5.0838811603105984,,,,,5.0838811603105984,,,,,6.0,,,,,,,,,,,,,,,
xgb,pmlb_4544_GeographicalOriginalofMusic,0.5724708625941547,0.06432714731880707,0.5519113996303338,0.5608979714620412,0.4633236822462701,0.051690834332667045,0.6489153129018614,0.06303233453511192,0.8217240237412293,0.24925316114707463,30.639671802520752,0.1337428092956543,0.0018475055694580078,30.77906894683838,S2,Small (<1K),0,False,False,,1059,False,,False,False,,0.04197673208078724,0.29057601804659183,9.676592149795004,6.6,0.7690186005713701,0.8413955507663216,22.4,17.2,xgb,2000.0,,,,,,,,,,,,,,,,,,,,,,,,,,,,
chebytree,friedman1_d100,0.19188037838713362,0.31739792820995993,0.05732550926161839,0.18282586471563494,3.3448684750539983,0.8454335279530109,4.118032677281791,1.0496420215033695,0.3113748944432021,0.11949451605606848,9.94849705696106,0.03557872772216797,0.016932010650634766,10.0054771900177,S1,Medium (1K-10K),2000,False,False,100.0,2000,False,8.466005325317383,False,False,100.0,,,,3.0,,,18.4,,chebytree,,,0.07592135498953768,35.41458054825609,,,,,35.41458054825609,,,,,244.8,,,,,3.2,3.2,3.0,2.0,60.0,Ridge,,,,,
ebm,house_sales,0.8468880029637058,0.0026555332398702494,0.8478611660261864,0.8467639208389144,0.15203882451362483,0.001420002433637802,0.206045044691974,0.001604574306714408,0.8562053474439564,0.009317344480250567,395.6506156921387,10.092031478881836,0.036826133728027344,405.7907290458679,S4,Large (>=10K),21613,False,False,15.0,21613,False,1.7038881103052488,False,False,15.0,,0.051831939794962166,,,,,14.0,,ebm,,256.0,6.8,,,,,,,,,,,,,,,,,,,,,,,,,,
chebytree,pmlb_1030_ERA,0.3683165810133759,0.08723218039902766,0.3503407745682531,0.365138299659984,1.2505092293902251,0.05502859613528173,1.5573361519125626,0.0680272069416292,0.39774871856915883,0.029432137555782945,19.42394495010376,0.04204440116882324,0.0196993350982666,19.500969886779785,S2,Small (<1K),0,True,True,,1000,False,,False,False,,,,,1.0,,,4.0,,chebytree,,,0.04705970489491321,1.182058591629521,,,,,1.182058591629521,,,,,12.0,,,,,1.0,1.0,1.0,2.0,6.0,Ridge,,,,,
ridge,diamonds,0.9250666822042393,0.0036042718821237044,0.9254001380119655,0.9250554402392259,0.2061639253095468,0.0045635772007663646,0.2772127541441611,0.006291934820945267,0.9258648875787511,0.0007982053745118067,11.883430004119873,0.01635289192199707,0.005725860595703125,11.923755407333374,S4,Large (>=10K),53940,False,False,6.0,50000,False,0.10615240258997266,False,False,6.0,,,,,,,6.0,,ridge,,,,196.0155398652367,,,,,196.0155398652367,,,,,7.0,,,,,,,,,,,,,,,
dt,pol,0.16674856088599319,0.06871131724094516,0.18377737034599007,0.16660965091864896,31.57254660722565,2.495194186634118,38.049549529486654,1.6976543749047595,0.16930508437270825,0.002556523486715062,4.208543062210083,0.008670806884765625,0.002438068389892578,4.228315114974976,S2,Large (>=10K),15000,True,True,26.0,15000,False,0.1625378926595052,False,False,26.0,,,,15.0,,,2.0,,dt,,,0.007862122355016484,,,,,,,,,,,27,,,,,,,,27.0,,,0.0315813895296011,8.2,,,
chebytree,power_plant,0.9440962521156047,0.003306833387785775,0.9446600958594648,0.9440670190696597,3.041932376899156,0.02868982052777222,4.0318111938973775,0.0905978294092854,0.9492885090778935,0.005192256962288866,42.66228532791138,0.5844302177429199,0.23787903785705566,43.50737023353577,S1,Medium (1K-10K),9568,False,False,4.0,9568,False,24.86193957536117,False,False,4.0,,,,8.6,,,4.0,,chebytree,,,0.03131183459172057,0.0020638770599895133,,,,,0.0020638770599895133,,,,,310.8,,,,,2.8,2.8,8.6,25.0,13.2,Ridge,,,,,
dt,pmlb_1029_LEV,0.48055660409530965,0.07371450763612938,0.5197969750154909,0.4779430524178018,0.5119777177528693,0.02297815549425631,0.6830493139283461,0.03441744338533742,0.592862745517501,0.11230614142219131,4.108052968978882,0.007564544677734375,0.0027561187744140625,4.131054878234863,S2,Small (<1K),0,True,True,,1000,False,,False,False,,,,,14.0,,,4.0,,dt,,,0.010932979104393028,,,,,,,,,,,24,,,,,,,,24.0,,,0.03526888346848224,7.6,,,
chebypoly,physiochemical_protein,0.4042651171972951,0.005419910851845666,0.4030588971295802,0.4041185208735344,3.7818631992009144,0.027979338133512874,4.721745923858059,0.02726071294358835,0.41159651239593575,0.007331395198640678,50.008601665496826,0.7045013904571533,0.4595177173614502,51.195669651031494,S3,Large (>=10K),45730,False,False,9.0,45730,False,10.048495896817192,False,False,9.0,,,,,,,9.0,,chebypoly,,,,0.06815905367112987,,,,,0.06815905367112987,,,,,164.0,,,,,10.0,10.0,,,,Ridge,,,2.0,1.0,1.0
xgb,abalone,0.5223802473291739,0.028069840419676837,0.5175379907433988,0.5213773229456532,1.5781325027532325,0.07028457493409268,2.217987424489375,0.12980569109944037,0.6609066507880683,0.13852640345889444,42.789875507354736,0.15669703483581543,0.018690824508666992,42.978577613830566,S3,Medium (1K-10K),4177,False,True,7.0,4177,False,4.47470062453124,False,False,7.0,0.02891806184330532,0.2933802025190584,19.245920765200786,7.0,0.7860239161432807,0.7446243296498815,7.0,13.4,xgb,2000.0,,,,,,,,,,,,,,,,,,,,,,,,,,,,
ebm,feynman_gaussian,0.5003924324994923,0.0101276171313506,0.4966543270149112,0.5002362319156248,0.17446365653804827,0.002109221206587667,0.23907497068544475,0.010273605770137592,0.5129909715081948,0.012598539008702558,42.742719411849976,1.0312047004699707,0.003093242645263672,43.784812450408936,S1,Medium (1K-10K),8000,False,False,2.0,8000,False,0.386655330657959,False,False,2.0,,0.07608060419102479,,,,,2.0,,ebm,,153.6,5.6,,,,,,,,,,,,,,,,,,,,,,,,,,
erbf,diamonds,0.9450069844721364,0.0009959022534785915,0.9454418231500469,0.9449987340759879,0.18639264242084086,0.0017844979712219947,0.23754360382177567,0.001750747564837668,0.945955356211155,0.0009483717390186275,1680.2749073505402,44.56246066093445,0.38040852546691895,1725.2363905906677,S4,Large (>=10K),53940,False,False,6.0,50000,False,7.052438366090452,False,False,6.0,,,,,,,6.0,,erbf,,,,0.18688779845665254,local_variance,69.75,0.2,kmeans,0.18688779845665254,local_variance,63.8,382.8,0.2,830.4,kmeans,,,,,,,,,,,,,,
dt,Brazilian_houses,0.9725939033268676,0.019550127616721986,0.9822091734383834,0.9725682443903922,0.06544694624973794,0.005248895223098597,0.1265625268376233,0.04427262780641203,0.9756303370088363,0.0030364336819687088,9.725909233093262,0.10792899131774902,0.007132530212402344,9.855213642120361,S4,Large (>=10K),10692,False,False,8.0,10692,False,0.6670903677892204,False,False,8.0,,,,11.0,,,8.0,,dt,,,0.007002309666454103,,,,,,,,,,,103,,,,,,,,103.0,,,0.01737687311806445,8.0,,,
chebypoly,pmlb_503_wind,0.799971795865244,0.011969741035015436,0.803526668753444,0.7994377975331971,2.3024180739749474,0.053146483067545824,2.992254717651041,0.07900107003908395,0.8146050476392462,0.01463325177400221,12.241342306137085,0.08777570724487305,0.06382274627685547,12.40370798110962,S3,Small (<1K),0,False,False,,6574,False,,False,False,,,,,,,,14.0,,chebypoly,,,,0.4122635853343857,,,,,0.4122635853343857,,,,,185.4,,,,,4.0,4.0,,,,Ridge,,,1.4,1.0,1.0
xgb,airfoil_noise,0.9237879607902834,0.01196276390729908,0.9271000487166189,0.9234694582617207,1.296281758231432,0.10120238225180636,1.897645459087186,0.18345548333742115,0.9818475720769007,0.058059611286617296,58.61621570587158,0.25562548637390137,0.02683568000793457,58.91258907318115,S1,Medium (1K-10K),1503,False,False,5.0,1503,False,17.854743850921206,False,False,5.0,0.003971495258508414,0.2969097030214395,2.2604067863334345,8.6,0.7375901105725668,0.7762613126337989,5.0,50.4,xgb,2000.0,,,,,,,,,,,,,,,,,,,,,,,,,,,,
ridge,synthetic_step,0.5806797174176476,0.017284000506064448,0.5789731249788028,0.5785712559087482,1.1308011976853434,0.014411944371236307,1.4050235639990742,0.012945885938626592,0.5858442808467482,0.005164563429100655,5.331600904464722,0.006955385208129883,0.002178668975830078,5.3539955615997314,S4,Medium (1K-10K),2000,False,False,8.0,2000,False,1.089334487915039,False,False,8.0,,,,,,,8.0,,ridge,,,,8.876874786450461,,,,,8.876874786450461,,,,,9.0,,,,,,,,,,,,,,,
chebypoly,abalone,0.5597057267518735,0.02319612327027042,0.5722830619442192,0.5587811760639191,1.5309139030835257,0.06846491470986367,2.1300474372969758,0.12310301411513792,0.5778934921357956,0.018187765383922083,8.408501863479614,0.02881646156311035,0.02545166015625,8.476203918457031,S3,Medium (1K-10K),4177,False,True,7.0,4177,False,6.093287085527891,False,False,7.0,,,,,,,7.0,,chebypoly,,,,0.6300951568853789,,,,,0.6300951568853789,,,,,48.2,,,,,3.0,3.0,,,,Ridge,,,1.5,0.8,0.8
chebytree,abalone,0.5653372533665,0.02362828390749129,0.5668612631578984,0.5644245293292396,1.5278316785383224,0.06578037498828986,2.115345667854453,0.10550038944763677,0.5834501087256367,0.01811285535913676,25.74912667274475,0.08114218711853027,0.03796529769897461,25.882624864578247,S3,Medium (1K-10K),4177,False,True,7.0,4177,False,9.089130404351115,False,False,7.0,,,,1.4,,,7.0,,chebytree,,,0.054793266326658076,0.20208730038721462,,,,,0.20208730038721462,,,,,44.8,,,,,2.0,2.0,1.4,2.8,16.0,Ridge,,,,,
dt,particulate-matter-ukair-2017,0.7177536573960653,0.029400301258707948,0.7309584131055393,0.7176901360886526,3.868803329062807,0.0488756279473126,6.1584945760450776,0.5767766339731804,0.7660894144805734,0.0483357570845081,146.60954570770264,0.6189720630645752,0.02083277702331543,147.28256249427795,S3,Large (>=10K),394299,False,False,9.0,50000,False,0.0528349730111297,False,False,9.0,,,,11.2,,,9.0,,dt,,,0.00699242866830708,,,,,,,,,,,70,,,,,,,,70.0,,,0.01516960865670107,9.2,,,
rf,power_plant,0.9468630963598421,0.002642344328883175,0.948496462097721,0.9468353101646546,2.993095289513744,0.010299728630299314,3.9312944456613605,0.0659882610101095,0.9520605677925961,0.005197471432753953,722.2892985343933,21.244199752807617,1.8001086711883545,745.4373228549957,S1,Medium (1K-10K),9568,False,False,4.0,9568,False,188.13844807570595,False,False,4.0,,,,16.6,,,4.0,,rf,417.0,,,,,,,,,,,,,37463,,sqrt,417.0,37463.0,,,,,,,,,,,
ebm,pol,0.1631873435629035,0.06613874928486906,0.18464329854087713,0.16304783991091762,32.17214098509412,2.2090631704900625,38.133614422379615,1.6362002717582198,0.1635326142545374,0.00034527069163392543,43.07764744758606,1.1276679039001465,0.0011661052703857422,44.212162017822266,S2,Large (>=10K),15000,True,True,26.0,15000,False,0.07774035135904948,False,False,26.0,,0.0415181604465459,,,,,2.0,,ebm,,179.2,6.8,,,,,,,,,,,,,,,,,,,,,,,,,,
chebytree,pmlb_1028_SWD,0.4195995591378316,0.045719145764132496,0.4205109503062956,0.4122434065286786,0.5005924959169844,0.031002349633576724,0.616974315051503,0.03187579384918557,0.45142976804726187,0.03183020890943028,21.347067832946777,0.05023193359375,0.02657461166381836,21.436721801757812,S2,Small (<1K),0,True,True,,1000,False,,False,False,,,,,1.0,,,10.0,,chebytree,,,0.05840273014962104,4.751074395886253,,,,,4.751074395886253,,,,,60.0,,,,,2.8,2.8,1.0,2.0,30.0,Ridge,,,,,
erbf,energy_efficiency_heating,0.9984020617887239,0.00022161526304868894,0.9983706514654158,0.9983809440360251,0.28816478759683195,0.025756640366487865,0.4006248744446738,0.03313071344162529,0.9990047884589648,0.0006027266702408607,83.3415892124176,0.9242312908172607,0.01128077507019043,84.29051160812378,S1,Small (<1K),768,False,False,8.0,768,False,14.688509205977121,False,False,8.0,,,,,,,8.0,,erbf,,,,0.05941308110081224,local_ridge,69.2,0.0,lipschitz,0.05941308110081224,local_ridge,69.2,553.6,0.0,1177.4,lipschitz,,,,,,,,,,,,,,
xgb,cpu_act,0.9816915424208696,0.0027857263071186006,0.9807848606216438,0.9816326780189508,1.7190477075346968,0.04468469813022524,2.4687856106559303,0.15882239984352367,0.9919366677067293,0.010245125285859635,228.23928475379944,1.3097500801086426,0.0688471794128418,229.6334764957428,S1,Medium (1K-10K),8192,False,False,21.0,8192,False,8.404196705669165,False,False,21.0,0.011389295978374677,0.2963652471061365,10.022858780056097,7.6,0.8162528918424773,0.8324537733726108,21.0,31.6,xgb,2000.0,,,,,,,,,,,,,,,,,,,,,,,,,,,,
erbf,esol,0.8972668411725078,0.011707191558492418,0.902676685181799,0.8964628223980087,0.49392000866631064,0.015845339486051727,0.6683055749451198,0.03542051112521382,0.9260894982090683,0.028822657036560506,56.74858570098877,0.9424574375152588,0.010220766067504883,57.714035511016846,S3,Medium (1K-10K),1128,False,False,7.0,1128,False,9.060962825802202,False,False,7.0,,,,,,,7.0,,erbf,,,,1.4715208558119628,local_ridge,66.0,0.8,kmeans,1.4715208558119628,local_ridge,45.2,316.4,0.8,679.0,kmeans,,,,,,,,,,,,,,
rf,esol,0.8946218864264177,0.015583151032042384,0.8906751747677838,0.8937971949489502,0.5025244337033186,0.03770543700034285,0.6762172035035914,0.051795523623103364,0.9373945962178137,0.042772709791396024,204.3901858329773,3.3580970764160156,0.4080517292022705,208.22586059570312,S3,Medium (1K-10K),1128,False,False,7.0,1128,False,361.74798688144546,False,False,7.0,,,,17.8,,,7.0,,rf,280.0,,,,,,,,,,,,,44060,,0.6599999999999999,280.0,44060.0,,,,,,,,,,,
dt,energy_efficiency_heating,0.9956359978689259,0.0005989872681409572,0.9956041273223294,0.995578330525103,0.42126935253792175,0.022116392140740706,0.6609565805020934,0.039463205606717455,0.9967887180551213,0.0011527201861953884,8.745051383972168,0.010172128677368164,0.0031762123107910156,8.77391004562378,S1,Small (<1K),768,False,False,8.0,768,False,4.135693113009135,False,False,8.0,,,,14.2,,,8.0,,dt,,,0.006846252048975208,,,,,,,,,,,44,,,,,,,,44.0,,,0.02380363252559525,8.2,,,
ebm,concrete_strength,0.907846320102775,0.01434641662742174,0.9052493528835491,0.9069417441037839,3.7918790065352193,0.4047329349816431,5.054158848892547,0.6070123807282276,0.9471663615692798,0.03932004146650481,251.16651129722595,5.947956800460815,0.003206014633178711,257.12863874435425,S1,Medium (1K-10K),1030,False,False,8.0,1030,False,3.1126355661929233,False,False,8.0,,0.05814647418210402,,,,,8.0,,ebm,,230.4,7.6,,,,,,,,,,,,,,,,,,,,,,,,,,
chebytree,house_sales,0.8523647081553122,0.0037925418651513897,0.8529708747951509,0.8522450643154876,0.14779391170430473,0.0017744340062503783,0.20231599636753833,0.002340296494243209,0.8623256105271014,0.00996090237178926,68.77218914031982,0.5853390693664551,0.2181098461151123,69.59655261039734,S4,Large (>=10K),21613,False,False,15.0,21613,False,10.091604410082464,False,False,15.0,,,,4.4,,,14.0,,chebytree,,,0.042895892841748856,0.007384882626877147,,,,,0.007384882626877147,,,,,405.6,,,,,3.0,3.0,4.4,9.6,44.0,Ridge,,,,,
rf,concrete_strength,0.8807860055626799,0.013967517313547029,0.8836025004022515,0.8796158068442768,4.286849774896212,0.33443979055282075,5.750701355060615,0.5393168105122988,0.9378769173477414,0.05709091178506143,254.48553371429443,6.464832305908203,0.554131269454956,261.5958831310272,S1,Medium (1K-10K),1030,False,False,8.0,1030,False,537.9915237426758,False,False,8.0,,,,17.2,,,8.0,,rf,429.8,,,,,,,,,,,,,36717,,0.7,429.8,36717.0,,,,,,,,,,,
ridge,healthcare_insurance,0.7349685111212297,0.049591839678102594,0.7174355372022722,0.7334730931050876,4238.081208815175,225.2466780955463,6114.458740716154,407.21817793900107,0.7499473283214974,0.014978817200267613,9.739519357681274,0.00666499137878418,0.002249002456665039,9.761121034622192,S4,Medium (1K-10K),1338,False,False,6.0,1338,False,1.6808688016928544,False,False,6.0,,,,,,,6.0,,ridge,,,,3.2513648064379814,,,,,3.2513648064379814,,,,,7.0,,,,,,,,,,,,,,,
ebm,power_plant,0.9524669780701428,0.0027033113553640996,0.9532447253869955,0.9524421222249296,2.773062793404166,0.029013477372999474,3.7178000791990393,0.07768241718512127,0.9582708783748874,0.005803900304744647,290.8915858268738,5.917220592498779,0.008298397064208984,296.82782006263733,S1,Medium (1K-10K),9568,False,False,4.0,9568,False,0.8673073854733471,False,False,4.0,,0.0798552665982992,,,,,4.0,,ebm,,256.0,3.2,,,,,,,,,,,,,,,,,,,,,,,,,,
rf,freesolv,0.8804141200770583,0.018593453649564502,0.8738330180082075,0.877302466296117,0.8159716181505949,0.06778913219119918,1.3176768988151784,0.14538517072636842,0.9505679723759728,0.07015385229891447,396.8530764579773,4.160256624221802,0.37319469451904297,401.4587547779083,S3,Small (<1K),642,False,False,16.0,642,False,581.3001472259236,False,False,16.0,,,,15.0,,,13.0,,rf,301.6,,,,,,,,,,,,,13897,,0.7,301.6,13897.0,,,,,,,,,,,
dt,california_housing,0.6672706932636479,0.0186679720436086,0.6643742469576998,0.6671093992895891,0.4684915346490094,0.01643513651647872,0.6652249957042708,0.01837131647137715,0.693341423166066,0.0260707299024181,19.603327751159668,0.40612006187438965,0.0074160099029541016,20.028398275375366,S4,Large (>=10K),20640,False,False,8.0,20640,False,0.3593028053756832,False,False,8.0,,,,11.8,,,8.0,,dt,,,0.006387140853256824,,,,,,,,,,,114,,,,,,,,114.0,,,0.020107346437506526,10.0,,,
chebypoly,analcatdata_supreme,0.9780457347145429,0.009233882084439954,0.9815254713301954,0.9780118076818287,0.02048327205309535,0.0015869663394718172,0.07947372864435845,0.016193038814578432,0.9785312566051874,0.00048552189064443585,7.661302089691162,0.03204464912414551,0.024466514587402344,7.731569051742554,S2,Medium (1K-10K),4052,False,True,7.0,4052,False,6.038132918904823,False,False,7.0,,,,,,,5.0,,chebypoly,,,,0.07838461437587357,,,,,0.07838461437587357,,,,,72.0,,,,,13.6,13.6,,,,Ridge,,,1.0,0.2,0.2
ebm,qsar_fish_toxicity,0.5879296157808058,0.03532660085430653,0.6018353007148243,0.584489164953599,0.6777585944196739,0.029221131433809774,0.9301852977964085,0.026220451723960255,0.6690297478639552,0.08110013208314937,103.81717205047607,2.048492908477783,0.0017244815826416016,105.87499618530273,S3,Small (<1K),907,False,False,6.0,907,False,1.9013027372013247,False,False,6.0,,0.025473947482976163,,,,,6.0,,ebm,,179.2,7.6,,,,,,,,,,,,,,,,,,,,,,,,,,
erbf,concrete_strength,0.88586008456646,0.01629139303302108,0.8801805180979858,0.8847396927585235,4.261210596724576,0.483354319559285,5.621843773011574,0.604996824001107,0.934024452563777,0.04816436799731694,66.80670142173767,1.0412709712982178,0.012215852737426758,67.8730103969574,S1,Medium (1K-10K),1030,False,False,8.0,1030,False,11.860051201385202,False,False,8.0,,,,,,,8.0,,erbf,,,,0.4455514134322992,local_ridge,63.8,0.0,lipschitz,0.4455514134322992,local_ridge,63.8,510.4,0.0,1085.6,lipschitz,,,,,,,,,,,,,,
tabpfn,pmlb_547_no2,0.6074047160107046,0.04540221388007271,0.6128902564621762,0.6003940859394672,0.36269070529937747,0.028310303517949144,0.46410183097379215,0.02481517720376046,0.7867095890656862,0.17930487305498166,0.06671619415283203,1.5311977863311768,3.8138489723205566,5.429625749588013,S3,Small (<1K),0,False,False,,500,False,,False,False,,,,,,,,7.0,,tabpfn,,,,,,,,,,,,,,foundation,,,,,,,,,,,,,,,
chebytree,qsar_tid_11,0.4302177816528062,0.04620651586199779,0.44624123517224223,0.4265985634568831,0.8894695793128659,0.03171638105190404,1.1671382829309842,0.05564173477518008,0.5151989798942798,0.08498119824147354,32.874850034713745,0.23129892349243164,0.17964482307434082,33.29765605926514,S3,Medium (1K-10K),5742,False,False,1024.0,5742,False,31.286106421863604,False,False,1024.0,,,,9.4,,,29.0,,chebytree,,,0.0162025950940998,39.1913745940829,,,,,39.1913745940829,,,,,4774.0,,,,,3.8,3.8,9.4,50.0,112.8,Ridge,,,,,
ridge,pmlb_1029_LEV,0.5535586840117231,0.0703099826685333,0.6043546154155351,0.5513124383966878,0.48945377821322256,0.027217191573206612,0.6326831896035711,0.03523025251092234,0.5678609518741177,0.014302267862394524,3.808009147644043,0.0048825740814208984,0.0017459392547607422,3.825432777404785,S2,Small (<1K),0,True,True,,1000,False,,False,False,,,,,,,,4.0,,ridge,,,,4.273559300849365,,,,,4.273559300849365,,,,,5.0,,,,,,,,,,,,,,,
xgb,nyc-taxi-green-dec-2016,0.513105555226453,0.015338994655928223,0.5124535295158157,0.5130081544223174,0.2634263619829415,0.0048839101370378455,0.41616240241110825,0.008174951830159129,0.6450476302454536,0.13194207501900068,362.7332332134247,1.6192116737365723,0.5837931632995605,364.95785212516785,S4,Large (>=10K),581835,False,False,9.0,50000,False,1.0033654958872542,False,False,9.0,0.07806247826726559,0.29190011048861086,10.677624256445961,7.2,0.9038454849555666,0.7939205925783561,8.0,62.6,xgb,2000.0,,,,,,,,,,,,,,,,,,,,,,,,,,,,
rf,qsar_tid_11,0.3801809614047234,0.0428888631823772,0.3741046168873925,0.3762394181469542,0.9494658396840739,0.0367273418742813,1.2174072986970654,0.04897697775273243,0.4050708781296959,0.024889916724972483,183.41623544692993,4.43262791633606,0.6181657314300537,188.50602507591248,S3,Medium (1K-10K),5742,False,False,1024.0,5742,False,107.65686719436671,False,False,1024.0,,,,17.8,,,29.0,,rf,410.8,,,,,,,,,,,,,37611,,0.7,410.8,37611.0,,,,,,,,,,,
tabpfn,medical_charges,0.9799857421007161,0.0006735702226333804,0.980365827120563,0.9799842408812516,0.04906181643813722,0.00032013777416254853,0.07976645106883208,0.0015776410783043904,0.980102741409223,0.00011699930850694873,0.1534440517425537,8.961530447006226,327.0377883911133,336.1798074245453,S4,Large (>=10K),163065,False,False,3.0,50000,False,2005.5670339503467,False,False,3.0,,,,,,,3.0,,tabpfn,,,,,,,,,,,,,,foundation,,,,,,,,,,,,,,,
dt,friedman1_d100,0.18885460582991748,0.27615467415091227,0.13805203125782528,0.17971592004876752,3.3797140382657105,0.680250434814002,4.182610437873064,0.8361389761409701,0.30067276253478753,0.11181815670487005,4.279353857040405,0.029186725616455078,0.0009584426879882812,4.313092231750488,S1,Medium (1K-10K),2000,False,False,100.0,2000,False,0.47922134399414057,False,False,100.0,,,,8.0,,,18.4,,dt,,,0.056752669925626234,,,,,,,,,,,9,,,,,,,,9.0,,,0.07129583484594401,5.6,,,
xgb,qm7,0.7791666294058365,0.03125591698618439,0.7646482512837791,0.7785995812876816,54.22867217033803,1.5603836814057555,104.37149598760973,6.873519561000657,0.843363348899447,0.0641967194936105,77.19487285614014,0.3102760314941406,0.04659247398376465,77.56669282913208,S3,Medium (1K-10K),6834,False,False,16.0,6834,False,6.817745680972292,False,False,16.0,0.35304062836610245,0.29333141545994124,16.3716679336194,7.6,0.7129516404174806,0.7696311919788558,14.0,23.4,xgb,2000.0,,,,,,,,,,,,,,,,,,,,,,,,,,,,
chebytree,lipophilicity,0.33123120920077753,0.024987514438480147,0.3219815183684691,0.32863288455033224,0.7721776672636007,0.01350401722492637,0.9827725291572733,0.021962742609263848,0.4107946910396869,0.07956348183890938,33.79684591293335,0.310302734375,0.13518142700195312,34.262330055236816,S3,Medium (1K-10K),4200,False,False,16.0,4200,False,32.186054048084074,False,False,16.0,,,,5.2,,,13.0,,chebytree,,,0.0875879913285115,3.020271225968628,,,,,3.020271225968628,,,,,276.0,,,,,3.0,3.0,5.2,8.0,41.0,Ridge,,,,,
xgb,student_performance,0.151748297706748,0.08708733845573542,0.18456923015220617,0.11619319561375027,2.1824767325474665,0.14754623940930575,2.9290988765892854,0.365999022332708,0.4318351464881555,0.28008684878140755,3.7037250995635986,0.012055635452270508,0.0010113716125488281,3.7197299003601074,S2,Small (<1K),649,True,True,30.0,649,False,1.5583537943741574,False,False,30.0,0.022773673733212464,0.26448800377457815,7.449216182260417,5.4,0.797703385503961,0.789168844322145,20.8,8.2,xgb,2000.0,,,,,,,,,,,,,,,,,,,,,,,,,,,,
tabpfn,particulate-matter-ukair-2017,0.7438231454197965,0.03129911845783533,0.7436293434030694,0.7437654912139646,3.439035807803548,0.05174642265294389,5.865506311690894,0.5993161104190516,0.8592489017420164,0.11542575632221985,2.3918700218200684,12.004242181777954,590.7612187862396,605.1895656585693,S3,Large (>=10K),394299,False,False,9.0,50000,False,1498.2569542054116,False,False,9.0,,,,,,,9.0,,tabpfn,,,,,,,,,,,,,,foundation,,,,,,,,,,,,,,,
rf,house_sales,0.8385541542409769,0.004059424576837281,0.838419689604324,0.838423318297419,0.1517982487246094,0.0021640831232599346,0.211572281238825,0.0027641056980034755,0.8499562067450604,0.011402052504083549,2630.5198476314545,84.59567666053772,3.295182466506958,2718.5095615386963,S4,Large (>=10K),21613,False,False,15.0,21613,False,152.46298369069348,False,False,15.0,,,,16.2,,,14.0,,rf,352.8,,,,,,,,,,,,,47694,,0.7,352.8,47694.0,,,,,,,,,,,
chebypoly,pmlb_522_pm10,0.3609052988087631,0.10849688859191184,0.30112174430038696,0.3494928934303481,0.541730368630267,0.03993541213893422,0.6969186022037931,0.050578983010255193,0.5904458866941523,0.22954058788538922,8.229846954345703,0.019002676010131836,0.018779993057250977,8.278011560440063,S3,Small (<1K),0,False,False,,500,False,,False,False,,,,,,,,7.0,,chebypoly,,,,7.513294335311192,,,,,7.513294335311192,,,,,111.2,,,,,10.2,10.2,,,,Ridge,,,1.8,1.0,1.0
ebm,medical_charges,0.9795415294879515,0.0006702966399756695,0.9798082173848774,0.9795399949492092,0.05158090122189422,0.0002595960278332395,0.08064793192658426,0.0015953032703404054,0.9797487340370334,0.00020720454908196295,285.8351411819458,10.07910418510437,0.02368617057800293,295.9512596130371,S4,Large (>=10K),163065,False,False,3.0,50000,False,0.14525600575232533,False,False,3.0,,0.01958632702401932,,,,,3.0,,ebm,,256.0,4.4,,,,,,,,,,,,,,,,,,,,,,,,,,
ebm,wine_quality,0.3540235960765291,0.010982683581548351,0.34929651918370874,0.352653311178873,0.5482721122836376,0.007680861072559285,0.7016099558329936,0.008074271203195357,0.4188995783382465,0.06487598226171737,170.2793710231781,6.189742565155029,0.010619401931762695,176.48762822151184,S2,Medium (1K-10K),6497,True,True,11.0,6497,False,1.6345085319012922,False,False,11.0,,0.03806101845118986,,,,,11.0,,ebm,,230.4,4.4,,,,,,,,,,,,,,,,,,,,,,,,,,
tabpfn,fiat_500_price,0.857401887396508,0.021337262333078883,0.8606723721373293,0.8565852824090268,536.1283345608356,26.71906483978097,728.3663683769262,46.44770469025299,0.9198008962054279,0.06239900880891991,0.7082428932189941,1.113004207611084,3.9044039249420166,5.746118068695068,S4,Medium (1K-10K),1538,False,False,7.0,1538,False,2538.624138453847,False,False,7.0,,,,,,,7.0,,tabpfn,,,,,,,,,,,,,,foundation,,,,,,,,,,,,,,,
ebm,lipophilicity,0.34520118766956565,0.012249469840035217,0.34266472254418245,0.34265713968382283,0.7615161625631987,0.009632275770443687,0.972607070171964,0.01606275080252677,0.48024693177521566,0.13504574410565,253.27936959266663,7.578356504440308,0.008489608764648438,260.87504744529724,S3,Medium (1K-10K),4200,False,False,16.0,4200,False,2.0213354201543896,False,False,16.0,,0.05185410648095121,,,,,13.0,,ebm,,256.0,3.2,,,,,,,,,,,,,,,,,,,,,,,,,,
ebm,abalone,0.5266178918367379,0.01587854490687355,0.5181079758858234,0.5256238652484599,1.6005383559162687,0.0637059956994788,2.2089820877452935,0.11961300488311145,0.5709439060219651,0.04432601418522719,188.18646121025085,3.3474366664886475,0.0063152313232421875,191.551016330719,S3,Medium (1K-10K),4177,False,True,7.0,4177,False,1.5119059907211365,False,False,7.0,,0.09436738344814724,,,,,7.0,,ebm,,204.8,2.8,,,,,,,,,,,,,,,,,,,,,,,,,,
ebm,pmlb_529_pollen,0.7825115351314127,0.01569817791946629,0.7917075817347565,0.7822284738735884,1.1545108752648017,0.029626706518804315,1.4629752709983337,0.033333789912989464,0.8010122949988565,0.018500759867443817,147.15868067741394,1.8467381000518799,0.0036804676055908203,149.01797676086426,S3,Small (<1K),0,False,False,,3848,False,,False,False,,,0.09535778673074838,,,,,4.0,,ebm,,204.8,3.2,,,,,,,,,,,,,,,,,,,,,,,,,,
rf,pmlb_1030_ERA,0.34566866805944907,0.07231254657038712,0.32283551139332156,0.34237643494276704,1.2753882020248555,0.04992677274918864,1.587512309279068,0.05805802007384565,0.4084328255900327,0.06276415753058362,141.61915564537048,1.1492149829864502,0.19438672065734863,143.0043923854828,S2,Small (<1K),0,True,True,,1000,False,,False,False,,,,,3.8,,,4.0,,rf,174.2,,,,,,,,,,,,,1476,,0.5,174.2,1476.0,,,,,,,,,,,
dt,Allstate_Claims_Severity,0.3952736571122322,0.010177809422645121,0.39531722395754765,0.3945167841706219,1397.8399531418797,8.337391594694106,2233.8998726303716,47.57866189925516,0.4139323521830004,0.018658695070768172,111.62321996688843,0.6165022850036621,0.01863265037536621,112.27464294433594,S4,Large (>=10K),188318,False,False,130.0,50000,False,0.09894248226598738,False,False,130.0,,,,13.0,,,50.0,,dt,,,0.00699758454571599,,,,,,,,,,,67,,,,,,,,67.0,,,0.018342090225895377,12.0,,,
dt,synthetic_step,0.9378644768137395,0.007998602798348062,0.938919002367178,0.9375520417505779,0.41973683612941304,0.019508226688083382,0.5406577494919741,0.04347563867625099,0.9475339557011025,0.009669478887363026,6.239699840545654,0.042189836502075195,0.003265857696533203,6.298218488693237,S4,Medium (1K-10K),2000,False,False,8.0,2000,False,1.6329288482666016,False,False,8.0,,,,7.8,,,8.0,,dt,,,0.03862994155121148,,,,,,,,,,,16,,,,,,,,16.0,,,0.08574343757295516,5.2,,,
ridge,pmlb_4544_GeographicalOriginalofMusic,0.6271826980926735,0.10518170060822021,0.623713136925728,0.6172941448040319,0.44183084712319587,0.08135477159461364,0.6008433417853922,0.09729332101063447,0.668165422419001,0.040982724326327546,2.2741172313690186,0.0014798641204833984,0.0003819465637207031,2.278623104095459,S2,Small (<1K),0,False,False,,1059,False,,False,False,,,,,,,,22.4,,ridge,,,,17.524783306341437,,,,,17.524783306341437,,,,,23.4,,,,,,,,,,,,,,,
dt,power_grid_stability,0.6894931044591754,0.028896892031267878,0.7091830124686205,0.6890265860234059,0.016173577236362088,0.0008104412164746207,0.02054124821800505,0.0008964708467600986,0.7372561280599361,0.04776302360076068,21.680999755859375,0.4675593376159668,0.0072307586669921875,22.170363903045654,S4,Large (>=10K),10000,False,False,12.0,10000,False,0.7230758666992188,False,False,12.0,,,,11.0,,,12.0,,dt,,,0.008678932749650245,,,,,,,,,,,109,,,,,,,,109.0,,,0.017982333285672097,9.6,,,
dt,synthetic_multithreshold,0.9581940165071193,0.013729954744417157,0.9568754894375491,0.957771021733161,0.30202937099369576,0.02529572333908866,0.426711007989024,0.05946661333718926,0.978668525663297,0.020474509156177656,8.220921516418457,0.020733356475830078,0.0036780834197998047,8.259289264678955,S4,Small (<1K),750,False,False,6.0,750,False,4.904111226399739,False,False,6.0,,,,12.0,,,6.0,,dt,,,0.008510431827923836,,,,,,,,,,,29,,,,,,,,29.0,,,0.054322557383173764,8.2,,,
ridge,airfoil_noise,0.5053380731514416,0.05132777811019091,0.5101451576299054,0.5032708313300391,3.755362453266028,0.09595833635363699,4.8306157211409655,0.1447630441320328,0.5162387693420669,0.01090069619062528,4.775146961212158,0.0051479339599609375,0.0017926692962646484,4.792466878890991,S1,Medium (1K-10K),1503,False,False,5.0,1503,False,1.192727409357717,False,False,5.0,,,,,,,5.0,,ridge,,,,2.7196896906185066,,,,,2.7196896906185066,,,,,6.0,,,,,,,,,,,,,,,
ebm,pmlb_547_no2,0.5625801980629317,0.036759126857926185,0.5616064344832585,0.5547691301711983,0.38856661985013197,0.03197951232427621,0.4911760162752639,0.03342876087066804,0.7039550793884869,0.1413748813255552,178.9771649837494,2.5158326625823975,0.0019311904907226562,181.5032148361206,S3,Small (<1K),0,False,False,,500,False,,False,False,,,0.054888321688850474,,,,,7.0,,ebm,,204.8,5.6,,,,,,,,,,,,,,,,,,,,,,,,,,
dt,superconduct,0.8208580434319005,0.016886256473844775,0.8267740112636311,0.8203298936241253,9.328056514436346,0.4415829871035983,14.471919304937387,0.5505552361055246,0.8342780122795809,0.013419968847680375,63.272645711898804,1.084458351135254,0.008165121078491211,64.38053178787231,S3,Large (>=10K),21263,False,False,79.0,21263,False,0.38400607056818,False,False,79.0,,,,12.2,,,50.0,,dt,,,0.0064873983330753044,,,,,,,,,,,107,,,,,,,,107.0,,,0.01723892502895324,11.6,,,
xgb,pmlb_218_house_8L,0.6719701040126369,0.015645602912790206,0.6669819451843073,0.6718260591162641,16111.669548273208,267.55518832861947,30235.395896743557,914.6281569220101,0.7829193741914949,0.11094927017885803,165.7284836769104,0.7643857002258301,0.1256542205810547,166.63434171676636,S4,Small (<1K),0,False,False,,22784,False,,False,False,,0.06100991033484469,0.2932952942890165,25.09521633290951,7.6,0.891907276855487,0.7653804779707503,8.0,23.4,xgb,2000.0,,,,,,,,,,,,,,,,,,,,,,,,,,,,
tabpfn,pmlb_529_pollen,0.7947537589662267,0.01299478614399126,0.7973450241562515,0.7944866321029052,1.1200809636450997,0.017545833589682255,1.4213558237162291,0.016934697678075195,0.8253570492658243,0.03060329029959763,0.07929134368896484,1.7407543659210205,5.620464563369751,7.4600324630737305,S3,Small (<1K),0,False,False,,3848,False,,False,False,,,,,,,,4.0,,tabpfn,,,,,,,,,,,,,,foundation,,,,,,,,,,,,,,,
chebytree,Bike_Sharing_Demand,0.6824087986484099,0.008836961509740032,0.6817798411114997,0.6822716713841833,68.91013367379159,0.7033770645328115,102.15510805653486,0.8916818716893258,0.7031918420034524,0.020783043355042552,42.21291923522949,0.3781559467315674,0.16986346244812012,42.77816128730774,S2,Large (>=10K),17379,False,True,6.0,17379,False,9.774064241217568,False,False,6.0,,,,8.8,,,6.0,,chebytree,,,0.05766937286052783,2.61835829748646,,,,,2.61835829748646,,,,,532.0,,,,,6.0,6.0,8.8,14.0,38.0,Ridge,,,,,
rf,pmlb_1028_SWD,0.41648832170022876,0.04413683089447626,0.4232707787281682,0.40909273642393257,0.5016937530788799,0.030305972166942897,0.6186454312652421,0.030799365483713707,0.47960013522151745,0.0631118135212887,131.7271831035614,2.403688907623291,0.37244677543640137,134.5768849849701,S2,Small (<1K),0,True,True,,1000,False,,False,False,,,,,4.6,,,10.0,,rf,316.8,,,,,,,,,,,,,1494,,0.54,316.8,1494.0,,,,,,,,,,,
dt,house_sales,0.7903936510785013,0.014241430829982367,0.790768894633778,0.7902237856996205,0.1762968667446016,0.004870526543147907,0.24092172058645422,0.0073125076948028205,0.8074226020898576,0.017028951011356264,25.850833415985107,0.4407234191894531,0.01116037368774414,26.3163640499115,S4,Large (>=10K),21613,False,False,15.0,21613,False,0.5163731868664294,False,False,15.0,,,,11.0,,,14.0,,dt,,,0.0066100516597287235,,,,,,,,,,,111,,,,,,,,111.0,,,0.021609289939785694,10.2,,,
dt,pmlb_218_house_8L,0.5752267791110474,0.019663003207633877,0.58388116656908,0.5750402520507096,18310.39263735009,378.34112735555055,34397.98163660018,616.3244882061557,0.602292606884083,0.027065827773035678,27.28300952911377,0.6759078502655029,0.012757539749145508,27.989914417266846,S4,Small (<1K),0,False,False,,22784,False,,False,False,,,,,11.6,,,8.0,,dt,,,0.006583682894067774,,,,,,,,,,,85,,,,,,,,85.0,,,0.020471509888711187,10.8,,,
rf,energy_efficiency_heating,0.9949580586677605,0.0015866601200823652,0.995134229820998,0.9948914379050533,0.42682268599995304,0.0247619996802692,0.7021757447373357,0.09600922465860882,0.9963078488693003,0.0013497902015398022,244.2058129310608,2.58308744430542,0.3671896457672119,247.2304971218109,S1,Small (<1K),768,False,False,8.0,768,False,478.11151792605716,False,False,8.0,,,,15.4,,,8.0,,rf,299.0,,,,,,,,,,,,,14273,,0.7,299.0,14273.0,,,,,,,,,,,
ebm,cpu_act,0.9807708230365764,0.0015256574183396274,0.9803632941708542,0.9807089984053639,1.8137360109119123,0.015186951697843462,2.539523653834506,0.08856958795994979,0.986073486889176,0.005302663852599587,581.9521994590759,21.80206608772278,0.022233247756958008,603.7845437526703,S1,Medium (1K-10K),8192,False,False,21.0,8192,False,2.714019501581788,False,False,21.0,,0.01289507720177529,,,,,21.0,,ebm,,256.0,7.6,,,,,,,,,,,,,,,,,,,,,,,,,,
tabpfn,wine_quality,0.5149248232690059,0.007892927037704226,0.5142243668837345,0.5138958521340646,0.4452752074266318,0.004581674021455275,0.6079937284402434,0.007500598260668325,0.7946116956402202,0.27968687237121426,0.05599379539489746,1.7577929496765137,18.1536545753479,19.979827404022217,S2,Medium (1K-10K),6497,True,True,11.0,6497,False,2794.1595467674156,False,False,11.0,,,,,,,11.0,,tabpfn,,,,,,,,,,,,,,foundation,,,,,,,,,,,,,,,
dt,qsar_tid_11,0.32844151447612885,0.04488278190017269,0.33321202452451704,0.3241684279046825,0.9771510259655498,0.03492069688423401,1.2672684776947323,0.05025982796859561,0.3594188036171543,0.030977289141025433,18.344727277755737,0.018745899200439453,0.0028295516967773438,18.373400688171387,S3,Medium (1K-10K),5742,False,False,1024.0,5742,False,0.49278155638755555,False,False,1024.0,,,,14.6,,,29.0,,dt,,,0.006817293305668476,,,,,,,,,,,64,,,,,,,,64.0,,,0.021355514983785608,12.2,,,
ebm,energy_efficiency_heating,0.9892134829900726,0.0013197968111961882,0.9899956546444343,0.9890709520660945,0.7865627676360738,0.01820407256617473,1.039372496978935,0.039653366585156,0.990037545177133,0.000824062187060437,241.0373797416687,3.2669403553009033,0.0015189647674560547,244.3144450187683,S1,Small (<1K),768,False,False,8.0,768,False,1.977818707625071,False,False,8.0,,0.04194215296869187,,,,,8.0,,ebm,,204.8,6.4,,,,,,,,,,,,,,,,,,,,,,,,,,
tabpfn,power_grid_stability,0.986719724437157,0.0011340130071744573,0.9868445243321503,0.9866997716004532,0.0021415406696266713,0.00011601469742660192,0.004250515027800071,0.0002162614351041272,0.9983730278034748,0.011653303366317758,0.12292194366455078,3.654177188873291,41.71773886680603,45.514180183410645,S4,Large (>=10K),10000,False,False,12.0,10000,False,4171.773886680603,False,False,12.0,,,,,,,12.0,,tabpfn,,,,,,,,,,,,,,foundation,,,,,,,,,,,,,,,
tabpfn,lipophilicity,0.5934062582424128,0.019131278269073893,0.5854622497314539,0.5918265455577598,0.5560829343604279,0.010335675553656293,0.7662503949370276,0.02180414824900956,0.926435824215301,0.33302956597288824,0.13787508010864258,2.7423391342163086,12.453853607177734,15.35805058479309,S3,Medium (1K-10K),4200,False,False,16.0,4200,False,2965.2032398042224,False,False,16.0,,,,,,,13.0,,tabpfn,,,,,,,,,,,,,,foundation,,,,,,,,,,,,,,,
ridge,feynman_gaussian,0.06866623741200244,0.004266021793034663,0.06889265186009674,0.06837505912136999,0.20669200905640142,0.0052199420118527184,0.326503658462223,0.0152374144551553,0.07120329983863494,0.0025370624266325,4.832217454910278,0.006497621536254883,0.002103090286254883,4.8541646003723145,S1,Medium (1K-10K),8000,False,False,2.0,8000,False,0.26288628578186035,False,False,2.0,,,,,,,2.0,,ridge,,,,11.605649872713279,,,,,11.605649872713279,,,,,3.0,,,,,,,,,,,,,,,
tabpfn,analcatdata_supreme,0.977156645669953,0.0087727598517363,0.9814384079881938,0.9771213447114085,0.015336039900828314,0.0014994458607301298,0.08134831072754602,0.014863108315966544,0.9784428599545336,0.0012862142845806446,0.05486869812011719,5.9786765575408936,6.582443475723267,12.629347085952759,S2,Medium (1K-10K),4052,False,True,7.0,4052,False,1624.4924668616156,False,False,7.0,,,,,,,5.0,,tabpfn,,,,,,,,,,,,,,foundation,,,,,,,,,,,,,,,
ridge,pol,0.1327255660612141,0.052390387034590424,0.15461711531099342,0.13258098417675318,33.94075247644865,1.4131549856588466,38.83301507300852,1.3010364551420797,0.13164313905487068,-0.0010824270063434227,3.6450440883636475,0.002055644989013672,0.0005509853363037109,3.652061939239502,S2,Large (>=10K),15000,True,True,26.0,15000,False,0.03673235575358073,False,False,26.0,,,,,,,2.0,,ridge,,,,29.925204661416625,,,,,29.925204661416625,,,,,3.0,,,,,,,,,,,,,,,
tabpfn,pmlb_1030_ERA,0.35548754552747536,0.09006512774105843,0.33375149611298494,0.3522447155678652,1.2560921773910523,0.05300378246406473,1.5728019867436331,0.06998547505878579,0.4062089337313209,0.05072138820384553,0.0436098575592041,2.2443299293518066,2.6391310691833496,4.941455602645874,S2,Small (<1K),0,True,True,,1000,False,,False,False,,,,,,,,4.0,,tabpfn,,,,,,,,,,,,,,foundation,,,,,,,,,,,,,,,
xgb,superconduct,0.9144138718272583,0.0046395748316426615,0.9122624887458876,0.9141615452695857,5.983247120754839,0.3221104207775302,10.014471797321201,0.3260563783554647,0.9522757557894401,0.03786188396218182,428.49316120147705,16.083655834197998,0.6753103733062744,445.26757884025574,S3,Large (>=10K),21263,False,False,79.0,21263,False,31.759882110063227,False,False,79.0,198.41138177126862,0.2392597386509458,25.00267056071137,8.0,0.7128214888581705,0.7437184494976451,50.0,465.4,xgb,2000.0,,,,,,,,,,,,,,,,,,,,,,,,,,,,
chebypoly,feynman_gaussian,0.3812594520041692,0.02564423348271229,0.3942525885847691,0.3810660049045925,0.17269965692869396,0.005539864069221109,0.2660055767681143,0.01221668965905841,0.3854294536637761,0.004170001659606903,6.521040916442871,0.021150827407836914,0.01571822166442871,6.569347143173218,S1,Medium (1K-10K),8000,False,False,2.0,8000,False,1.964777708053589,False,False,2.0,,,,,,,2.0,,chebypoly,,,,14.906019642343688,,,,,14.906019642343688,,,,,31.6,,,,,14.0,14.0,,,,Ridge,,,1.6,1.0,1.0
ridge,energy_efficiency_heating,0.9140537752572572,0.0062872547088307544,0.9121828930987502,0.9129180242111266,2.0821108542575244,0.08632058629365358,2.940272356386244,0.11456869963230881,0.9163110926316895,0.002257317374432355,7.655444860458374,0.006350517272949219,0.0020368099212646484,7.676482915878296,S1,Small (<1K),768,False,False,8.0,768,False,2.6520962516466775,False,False,8.0,,,,,,,8.0,,ridge,,,,0.08913773072085071,,,,,0.08913773072085071,,,,,9.0,,,,,,,,,,,,,,,
ridge,friedman1_d100,0.22010163279843725,0.28780808346704795,0.13354011606262683,0.2113439218772688,3.2847432492763304,0.7991674719979347,4.078543251897839,0.9262811748920486,0.23848861839223529,0.018386985593798033,2.223527193069458,0.001863241195678711,0.00041866302490234375,2.228687047958374,S1,Medium (1K-10K),2000,False,False,100.0,2000,False,0.20933151245117188,False,False,100.0,,,,,,,18.4,,ridge,,,,69.91463251478987,,,,,69.91463251478987,,,,,19.4,,,,,,,,,,,,,,,
chebypoly,freesolv,0.8889299811760809,0.028850002566690756,0.8870323839216665,0.8860396344178734,0.8368630269545221,0.07141128052266733,1.2683586092758155,0.22731584491164739,0.9455460463117094,0.056616065135628446,13.236126184463501,0.0343937873840332,0.03211522102355957,13.315098524093628,S3,Small (<1K),642,False,False,16.0,642,False,50.023708759438584,False,False,16.0,,,,,,,13.0,,chebypoly,,,,1.5727880156084753,,,,,1.5727880156084753,,,,,173.6,,,,,4.8,4.8,,,,Ridge,,,1.4,1.0,1.0
chebytree,pmlb_225_puma8NH,0.6717504795040783,0.014478320294803972,0.6723979366192342,0.671349232062423,2.47033854081759,0.023201521397129016,3.2189393979216447,0.04253329776434749,0.6930945224103324,0.021344042906254135,51.15575551986694,0.5308852195739746,0.2012958526611328,51.913926124572754,S1,Small (<1K),0,False,False,,8192,False,,False,False,,,,,10.0,,,8.0,,chebytree,,,0.07543616792330184,0.7098258723922692,,,,,0.7098258723922692,,,,,205.2,,,,,2.0,2.0,10.0,11.4,18.0,Ridge,,,,,
erbf,Bike_Sharing_Demand,0.6716182528212722,0.018119177558767293,0.6771911668815951,0.6714764664032107,71.43270712666771,1.977990448344829,103.83345881683252,2.017413242691028,0.6777661787992036,0.0061479259779314566,550.6303162574768,14.36017394065857,0.1478862762451172,565.1535837650299,S2,Large (>=10K),17379,False,True,6.0,17379,False,8.509481342143806,False,False,6.0,,,,,,,6.0,,erbf,,,,2.912004162933821,local_variance,72.5,0.2,kmeans,2.912004162933821,local_variance,66.0,396.0,0.2,859.0,kmeans,,,,,,,,,,,,,,
chebypoly,qsar_fish_toxicity,0.562400435697798,0.06626761332887421,0.6082010511218137,0.5587469137509824,0.6884109682990822,0.03362235787764374,0.9567031493002416,0.061794399910840486,0.6367439126569063,0.07434347695910837,9.93458080291748,0.018017292022705078,0.014053106307983398,9.98228907585144,S3,Small (<1K),907,False,False,6.0,907,False,15.494053261282687,False,False,6.0,,,,,,,6.0,,chebypoly,,,,0.44821329598820664,,,,,0.44821329598820664,,,,,27.8,,,,,2.8,2.8,,,,Ridge,,,1.0,0.6,0.6
xgb,pmlb_1029_LEV,0.5035885541285652,0.058777337886468654,0.5217289278109661,0.501090886476382,0.5091816459745169,0.014163290984877291,0.6683579227898424,0.02784320657403474,0.5957923614770275,0.09220380734846234,23.55832529067993,0.0627133846282959,0.007539033889770508,23.642128944396973,S2,Small (<1K),0,True,True,,1000,False,,False,False,,0.5471078586788746,0.2957515206623128,7.0618788218787785,6.4,0.8820004231578406,0.9142712630475088,4.0,8.4,xgb,2000.0,,,,,,,,,,,,,,,,,,,,,,,,,,,,
ebm,pmlb_1028_SWD,0.4224525544006729,0.059161883220306404,0.41597720783428316,0.41513256142729754,0.49870858779761307,0.044018793026992985,0.6152393173469708,0.03978206808539616,0.4420130199595448,0.019560465558871865,131.5406792163849,3.0816516876220703,0.0016772747039794922,134.6325273513794,S2,Small (<1K),0,True,True,,1000,False,,False,False,,,0.033764814819575405,,,,,10.0,,ebm,,179.2,2.0,,,,,,,,,,,,,,,,,,,,,,,,,,
chebytree,synthetic_step,0.9326129033518257,0.00839434361571879,0.9340518904896381,0.9322740618853358,0.43860847355521015,0.022450350899191434,0.5631601294739121,0.045097490040414336,0.9501947862377007,0.017581882885875033,41.35572266578674,0.425337553024292,0.15446114540100098,41.95357012748718,S4,Medium (1K-10K),2000,False,False,8.0,2000,False,77.23057270050049,False,False,8.0,,,,8.6,,,8.0,,chebytree,,,0.04584257610553281,0.004749562645730965,,,,,0.004749562645730965,,,,,156.0,,,,,1.0,1.0,8.6,15.6,10.0,Ridge,,,,,
dt,diamonds,0.942012697673162,0.001173799516545725,0.9416526250563347,0.9420039980553799,0.1913271500873496,0.0015617026158215,0.24392006370615665,0.0019059989131103708,0.943359155592016,0.001346457918854016,26.408848524093628,0.42440128326416016,0.02143383026123047,26.874547004699707,S4,Large (>=10K),53940,False,False,6.0,50000,False,0.3973642985026042,False,False,6.0,,,,12.8,,,6.0,,dt,,,0.007022556114348049,,,,,,,,,,,106,,,,,,,,106.0,,,0.018910539475524422,10.4,,,
tabpfn,pmlb_1028_SWD,0.41964387968850125,0.04245740811778706,0.41303747258524903,0.41228828881002855,0.49136091589927666,0.03068220376147818,0.6169857159133149,0.029997077829187424,0.4929465144513573,0.07330263476285603,0.688922643661499,1.6488358974456787,3.621138572692871,5.970095157623291,S2,Small (<1K),0,True,True,,1000,False,,False,False,,,,,,,,10.0,,tabpfn,,,,,,,,,,,,,,foundation,,,,,,,,,,,,,,,
dt,airfoil_noise,0.7262144975392897,0.03619951050892438,0.7386572377380358,0.7250703183770965,2.7667126309438266,0.16797603445990678,3.5934870558750327,0.235489502668406,0.8319193403740774,0.10570484283478776,5.462953567504883,0.014116525650024414,0.0032804012298583984,5.494279146194458,S1,Medium (1K-10K),1503,False,False,5.0,1503,False,2.1825690152085153,False,False,5.0,,,,11.8,,,5.0,,dt,,,0.007525923777624406,,,,,,,,,,,93,,,,,,,,93.0,,,0.01702586606140271,10.8,,,
chebytree,pol,0.167560424897581,0.07096233110976616,0.18319449765068996,0.1674216502747415,31.639831247790305,2.509137216051751,38.02872512147957,1.7459909479347684,0.16927833037450893,0.0017179054769279334,8.055188179016113,0.0356595516204834,0.025629520416259766,8.130472898483276,S2,Large (>=10K),15000,True,True,26.0,15000,False,1.7086346944173179,False,False,26.0,,,,6.0,,,2.0,,chebytree,,,0.053807401096919415,0.7569418868177389,,,,,0.7569418868177389,,,,,66.4,,,,,3.4,3.4,6.0,8.0,8.8,Ridge,,,,,
tabpfn,diamonds,0.947503902864332,0.0005440209285069144,0.9474243509049805,0.9474960270714978,0.18216119473104359,0.0009746808828839489,0.2320958364728903,0.0008078104835775656,0.9496342542826397,0.002130351418307752,0.25154614448547363,11.168099880218506,453.452264547348,464.89680004119873,S4,Large (>=10K),53940,False,False,6.0,50000,False,8406.60483031791,False,False,6.0,,,,,,,6.0,,tabpfn,,,,,,,,,,,,,,foundation,,,,,,,,,,,,,,,
chebypoly,wine_quality,0.3648278216197138,0.008800966138891916,0.3641950696874251,0.3634804560413606,0.5428738179664896,0.006689332324825148,0.6957255629926036,0.007166895679049234,0.4006219891118074,0.03579416749209363,13.074802875518799,0.14142990112304688,0.12708544731140137,13.356547117233276,S2,Medium (1K-10K),6497,True,True,11.0,6497,False,19.56063526418368,False,False,11.0,,,,,,,11.0,,chebypoly,,,,4.349954688596609,,,,,4.349954688596609,,,,,215.4,,,,,9.4,9.4,,,,Ridge,,,2.0,1.0,1.0
xgb,particulate-matter-ukair-2017,0.7414293181023063,0.037977366070515675,0.7504241813180363,0.7413711251506413,3.6633527651512714,0.09014419091697175,5.888063710526601,0.6451536927377145,0.8568697581409614,0.11544044003865517,502.482693195343,1.4927000999450684,0.3460407257080078,504.3653390407562,S3,Large (>=10K),394299,False,False,9.0,50000,False,0.8776099500835858,False,False,9.0,0.15890374175643812,0.2945830336562515,18.97405096070454,7.8,0.8122047369145591,0.7974863657263838,9.0,31.2,xgb,2000.0,,,,,,,,,,,,,,,,,,,,,,,,,,,,
ridge,sulfur,0.3929678266342179,0.04152508134870056,0.3822918318698888,0.3925158174145936,0.018699226488703567,0.0005700652035783714,0.041224662519774316,0.004608632730598825,0.38927675420301006,-0.0036910724312078647,6.0690624713897705,0.00958704948425293,0.0031599998474121094,6.098053693771362,S3,Large (>=10K),10081,False,False,6.0,10081,False,0.31346095103780475,False,False,6.0,,,,,,,6.0,,ridge,,,,127.16205082998586,,,,,127.16205082998586,,,,,7.0,,,,,,,,,,,,,,,
dt,Bike_Sharing_Demand,0.6545060105861941,0.012314965858450712,0.6552428965306488,0.6543568356228361,71.96177093465913,1.2686073568466685,106.55129806486225,2.0461831172430838,0.6661609339056054,0.011654923319411314,10.642445087432861,0.1180577278137207,0.00811457633972168,10.784350156784058,S2,Large (>=10K),17379,False,True,6.0,17379,False,0.4669184843616825,False,False,6.0,,,,12.4,,,6.0,,dt,,,0.006780563620350698,,,,,,,,,,,102,,,,,,,,102.0,,,0.019732487935285058,11.0,,,
rf,analcatdata_supreme,0.9724473569498706,0.00933890691238631,0.9769911584663447,0.9724047785854856,0.032181551967527165,0.0023794906005387938,0.08966971866402575,0.014204246441766504,0.9742842537906459,0.0018368968407752595,139.53051233291626,1.1930451393127441,0.20054340362548828,140.9571352005005,S2,Medium (1K-10K),4052,False,True,7.0,4052,False,49.49244906848181,False,False,7.0,,,,12.2,,,5.0,,rf,131.0,,,,,,,,,,,,,4413,,0.7,131.0,4413.0,,,,,,,,,,,
tabpfn,pmlb_218_house_8L,0.7242681174338055,0.009389421637488864,0.7219756575951886,0.7241470377235139,14160.634036675048,97.9257530866205,27729.36732545147,870.3633979403947,0.8184449138403282,0.09417679640652277,0.15810799598693848,5.25342583656311,126.6368362903595,132.0670940876007,S4,Small (<1K),0,False,False,,22784,False,,False,False,,,,,,,,8.0,,tabpfn,,,,,,,,,,,,,,foundation,,,,,,,,,,,,,,,
ebm,freesolv,0.9007833274795554,0.02178897834100731,0.906564895238642,0.8982020745764487,0.8086247434875743,0.05332845433905237,1.190409382587443,0.10780576872182156,0.9606711898852052,0.059887862405649805,506.6544990539551,7.271230459213257,0.0038602352142333984,513.9420914649963,S3,Small (<1K),642,False,False,16.0,642,False,6.01282743650062,False,False,16.0,,0.07261938230086191,,,,,13.0,,ebm,,128.0,4.4,,,,,,,,,,,,,,,,,,,,,,,,,,
chebytree,concrete_strength,0.8664864141597801,0.02442509164399153,0.8696083743192502,0.8651758513539866,4.421256543115777,0.14813515867970034,6.037167900710512,0.3308933998025113,0.9077117613415421,0.04122534718176196,24.877426862716675,0.10099458694458008,0.047307491302490234,25.039538860321045,S1,Medium (1K-10K),1030,False,False,8.0,1030,False,45.9296032063012,False,False,8.0,,,,3.2,,,8.0,,chebytree,,,0.07242773348258702,0.1609538792129718,,,,,0.1609538792129718,,,,,94.8,,,,,3.0,3.0,3.2,4.2,26.0,Ridge,,,,,
ridge,california_housing,0.6009110375144694,0.015479923380595935,0.5962286911157479,0.6007175750106891,0.5340503633210537,0.011483532997713182,0.7287571837920678,0.016296955761868046,0.6032413078154037,0.002330270300934356,6.850782155990601,0.00936126708984375,0.003114938735961914,6.875494480133057,S4,Large (>=10K),20640,False,False,8.0,20640,False,0.1509175744167594,False,False,8.0,,,,,,,8.0,,ridge,,,,167.61117167353683,,,,,167.61117167353683,,,,,9.0,,,,,,,,,,,,,,,
dt,power_plant,0.9387457464213156,0.005827086028967042,0.9421439023723811,0.9387137154919529,3.2208513854928795,0.09464876031351255,4.217011897553885,0.16213196480400793,0.9459274864261875,0.007181740004871928,9.083645105361938,0.11577296257019043,0.006451129913330078,9.219995021820068,S1,Medium (1K-10K),9568,False,False,4.0,9568,False,0.674240166526973,False,False,4.0,,,,11.6,,,4.0,,dt,,,0.007095437394022494,,,,,,,,,,,102,,,,,,,,102.0,,,0.019205036643932798,10.0,,,
chebytree,freesolv,0.8871532899381878,0.030346033873331527,0.9022365378149829,0.8842172746176258,0.82876828568783,0.07196594602401048,1.2680408014097222,0.1471552696532073,0.935419727072692,0.04826643713450429,29.347410440444946,0.0912013053894043,0.048845529556274414,29.49844765663147,S3,Small (<1K),642,False,False,16.0,642,False,76.08337937114395,False,False,16.0,,,,3.6,,,13.0,,chebytree,,,0.08260077304113844,0.08376947700557184,,,,,0.08376947700557184,,,,,91.4,,,,,1.4,1.4,3.6,5.4,20.2,Ridge,,,,,
rf,lipophilicity,0.3991008266524082,0.01913796701191528,0.39345485062015195,0.39676619148996994,0.7275354291382458,0.005824499019937974,0.9315337921918599,0.013820465089241011,0.5270676010811277,0.1279667744287195,734.9697215557098,24.676492929458618,1.0415606498718262,760.7857737541199,S3,Medium (1K-10K),4200,False,False,16.0,4200,False,247.99063092186339,False,False,16.0,,,,19.8,,,13.0,,rf,419.0,,,,,,,,,,,,,44154,,0.7,419.0,44154.0,,,,,,,,,,,
xgb,freesolv,0.8845063151961051,0.02842357127698434,0.8863953350420017,0.8815016882573072,0.7942805189134584,0.04720048530218541,1.280084325102467,0.12534497015330537,0.9711708305031657,0.08666451530706054,53.07907795906067,0.1789841651916504,0.011098623275756836,53.28563404083252,S3,Small (<1K),642,False,False,16.0,642,False,17.287575195882923,False,False,16.0,0.03292254043024418,0.2899660512451262,3.5188757254587584,6.8,0.8348810065577199,0.8677043521987496,13.0,25.4,xgb,2000.0,,,,,,,,,,,,,,,,,,,,,,,,,,,,
ebm,pmlb_1030_ERA,0.35901017572010074,0.08494922298964491,0.3553170016439402,0.355785069685988,1.26410005678785,0.05195957510464352,1.5693564229590617,0.06282657885735772,0.40574122522534817,0.046731049505247424,51.18583130836487,1.2609119415283203,0.0012056827545166016,52.45575785636902,S2,Small (<1K),0,True,True,,1000,False,,False,False,,,0.03192568958289797,,,,,4.0,,ebm,,179.2,6.0,,,,,,,,,,,,,,,,,,,,,,,,,,
ebm,analcatdata_supreme,0.9781008216460088,0.009197231377159765,0.9816483051368343,0.9780669797161805,0.020617855357086136,0.0018264629136748557,0.07937728649008993,0.016205863396882472,0.9787131701470745,0.0006123485010657292,98.25747489929199,2.194481611251831,0.001257181167602539,100.46117782592773,S2,Medium (1K-10K),4052,False,True,7.0,4052,False,0.3102618873648912,False,False,7.0,,0.04312195775793269,,,,,5.0,,ebm,,153.6,6.4,,,,,,,,,,,,,,,,,,,,,,,,,,
rf,airfoil_noise,0.828774795708816,0.02370052373410361,0.8372278969892318,0.8280592384553367,2.191092853505979,0.16451923788028455,2.84235806940851,0.18843654987447478,0.8832083692389319,0.05443357353011591,188.73081922531128,3.061520576477051,0.39584946632385254,192.25995707511902,S1,Medium (1K-10K),1503,False,False,5.0,1503,False,263.3728984190636,False,False,5.0,,,,17.4,,,5.0,,rf,257.6,,,,,,,,,,,,,16071,,0.7,257.6,16071.0,,,,,,,,,,,
chebytree,house_16H,0.5020234535375174,0.03744379562324215,0.5122224388766896,0.5015859167974492,0.33028875566193105,0.008245904594241854,0.6175076047839295,0.023631876751968213,0.5866899774905143,0.0846665239529969,69.6598973274231,0.6378045082092285,0.16950154304504395,70.48448157310486,S4,Large (>=10K),22784,False,False,16.0,22784,False,7.439498904715763,False,False,16.0,,,,3.4,,,16.0,,chebytree,,,0.07804489439445873,1.6016297207519419,,,,,1.6016297207519419,,,,,367.2,,,,,4.2,4.2,3.4,6.0,69.2,Ridge,,,,,
tabpfn,student_performance,0.22880238439081815,0.05232045096313609,0.21178507921721001,0.19646157608507292,2.0707823438422626,0.15336717420534351,2.8020173575765615,0.37944704522856737,0.3793626317810153,0.15056024739019716,0.2288188934326172,0.8570706844329834,2.4936716556549072,3.5914466381073,S2,Small (<1K),649,True,True,30.0,649,False,3842.329207480597,False,False,30.0,,,,,,,20.8,,tabpfn,,,,,,,,,,,,,,foundation,,,,,,,,,,,,,,,
xgb,diabetes,0.4252861904804794,0.07495274754943121,0.4680670226411783,0.40851258647429206,47.1579296159793,2.3002017078736148,57.737565438891,2.74330400503458,0.6508222608448294,0.22553607036435003,34.575796365737915,0.0737464427947998,0.007480144500732422,34.67103314399719,S3,Small (<1K),442,False,False,10.0,442,False,16.92340384781091,False,False,10.0,0.014341388846781539,0.2892231156610968,16.962586804147374,5.6,0.7678970139489736,0.8727385386960662,10.0,12.8,xgb,2000.0,,,,,,,,,,,,,,,,,,,,,,,,,,,,
ridge,pmlb_1030_ERA,0.35457541114427,0.08102741003915892,0.3508093417536804,0.3513279918292726,1.2607614956428523,0.04484568868852554,1.5751121761482407,0.05719527396172834,0.3800774285452532,0.025502017400983235,3.9095795154571533,0.004954099655151367,0.0017800331115722656,3.9272100925445557,S2,Small (<1K),0,True,True,,1000,False,,False,False,,,,,,,,4.0,,ridge,,,,3.952125801348705,,,,,3.952125801348705,,,,,5.0,,,,,,,,,,,,,,,
xgb,physiochemical_protein,0.6147221201623445,0.00561249260304164,0.6153803710731913,0.6146273123502775,2.6546346000103536,0.04960020499510911,3.797190649819048,0.03709331051863127,0.8445625402369569,0.22984042007461236,877.355250120163,4.877866268157959,1.0549731254577637,883.3073873519897,S3,Large (>=10K),45730,False,False,9.0,45730,False,23.069606942002267,False,False,9.0,0.2278705842171064,0.29146564369638434,6.8450270531588915,8.8,0.819761039203992,0.8718435414509893,9.0,88.4,xgb,2000.0,,,,,,,,,,,,,,,,,,,,,,,,,,,,
tabpfn,energy_efficiency_heating,0.9983216356167093,0.00018080005576985686,0.9982310027041699,0.9982994563248374,0.27816228894764017,0.02715611828282051,0.4115076377483648,0.03555527447381853,0.9988695466901458,0.0005479110734365467,0.09824728965759277,1.562215805053711,4.995841979980469,6.677457809448242,S1,Small (<1K),768,False,False,8.0,768,False,6505.002578099568,False,False,8.0,,,,,,,8.0,,tabpfn,,,,,,,,,,,,,,foundation,,,,,,,,,,,,,,,
chebytree,diabetes,0.47511967829459234,0.07035888052122664,0.47189738448713114,0.45980032677557237,44.183727086417164,2.19944300972238,55.14241405734049,2.308602411987042,0.5535732687856386,0.07845359049104628,31.72658085823059,0.06116461753845215,0.027836084365844727,31.830463886260986,S3,Small (<1K),442,False,False,10.0,442,False,62.977566438562725,False,False,10.0,,,,1.0,,,10.0,,chebytree,,,0.05908118125013647,0.26531256264891057,,,,,0.26531256264891057,,,,,28.0,,,,,1.2,1.2,1.0,2.0,14.0,Ridge,,,,,
rf,abalone,0.5485287310460788,0.011764605005584896,0.5417108800228421,0.547580714723352,1.53332625027844,0.06140532648461609,2.1578581415691267,0.12344017360178028,0.6355616441312486,0.0870329130851698,350.92251420021057,8.162858724594116,0.5589165687561035,359.7054355144501,S3,Medium (1K-10K),4177,False,True,7.0,4177,False,133.8081323332783,False,False,7.0,,,,13.6,,,7.0,,rf,342.8,,,,,,,,,,,,,42761,,0.7,342.8,42761.0,,,,,,,,,,,
tabpfn,pmlb_4544_GeographicalOriginalofMusic,0.650253972578944,0.11773154817220288,0.6618168500852448,0.6408784329070141,0.4196920826776851,0.08064551244977929,0.5794152467542181,0.12061517877854368,0.7668278068572254,0.11657383427828139,1.1315810680389404,0.9472463130950928,3.5773868560791016,5.6663854122161865,S2,Small (<1K),0,False,False,,1059,False,,False,False,,,,,,,,22.4,,tabpfn,,,,,,,,,,,,,,foundation,,,,,,,,,,,,,,,
dt,lipophilicity,0.29546816897914396,0.021802692342691495,0.30102606510971164,0.2927308964736834,0.7951732357564011,0.020536479425496572,1.0088265422804303,0.022321518816809095,0.3668420617775686,0.07137389279842465,9.63215184211731,0.09527802467346191,0.0049936771392822266,9.747719287872314,S3,Medium (1K-10K),4200,False,False,16.0,4200,False,1.188970747448149,False,False,16.0,,,,13.2,,,13.0,,dt,,,0.013427467914693802,,,,,,,,,,,40,,,,,,,,40.0,,,0.03997796528534296,11.0,,,
tabpfn,qsar_fish_toxicity,0.6416528731417808,0.04094568477642865,0.6418867217504107,0.6386610275470384,0.6014270715234551,0.010982842190253538,0.8659522122209811,0.01812548407285125,0.8253986135614904,0.1837457404197096,0.06776595115661621,1.3326356410980225,3.7466511726379395,5.1647257804870605,S3,Small (<1K),907,False,False,6.0,907,False,4130.817169391334,False,False,6.0,,,,,,,6.0,,tabpfn,,,,,,,,,,,,,,foundation,,,,,,,,,,,,,,,
ebm,diabetes,0.47053907327884276,0.07527977043301616,0.46116718207299967,0.45508611348552347,44.83510160766482,2.511108677897685,55.352085790407884,2.3107229867141594,0.601571529826196,0.13103245654735324,266.72489523887634,3.342327356338501,0.002268075942993164,270.0778965950012,S3,Small (<1K),442,False,False,10.0,442,False,5.131393536183629,False,False,10.0,,0.013816290974338123,,,,,10.0,,ebm,,153.6,6.0,,,,,,,,,,,,,,,,,,,,,,,,,,
ridge,pmlb_218_house_8L,0.38070083340054495,0.008046249839238307,0.37641385906034697,0.3804288859096805,24348.63399295188,184.80996649780676,41563.06000377383,1137.0127350910261,0.38277918180322734,0.002078348402682395,5.473561525344849,0.008718252182006836,0.002804279327392578,5.495265483856201,S4,Small (<1K),0,False,False,,22784,False,,False,False,,,,,,,,8.0,,ridge,,,,43.60173392393911,,,,,43.60173392393911,,,,,9.0,,,,,,,,,,,,,,,
dt,food_delivery_time,0.27807151403933855,0.009116581312661744,0.27883846427091985,0.2778927736447268,6.235986298931787,0.0667523623711453,7.969987394259142,0.07756192686967744,0.27987198270246194,0.001800468663123389,53.04834794998169,0.3134317398071289,0.011949777603149414,53.40361213684082,S2,Large (>=10K),45451,False,False,9.0,45451,False,0.26291561468723273,False,False,9.0,,,,3.0,,,9.0,,dt,,,0.03909112306217845,,,,,,,,,,,7,,,,,,,,7.0,,,0.043812075222649266,3.0,,,
chebypoly,diabetes,0.47967527886551986,0.07603470961553174,0.4791566241323033,0.4644890671212004,43.870625777980756,2.9276376723391815,54.85859130921841,2.4501393976638264,0.5307413628629644,0.0510660839974445,10.29220724105835,0.013653278350830078,0.010526657104492188,10.327603340148926,S3,Small (<1K),442,False,False,10.0,442,False,23.81596629975608,False,False,10.0,,,,,,,10.0,,chebypoly,,,,0.29978953009637016,,,,,0.29978953009637016,,,,,16.0,,,,,1.4,1.4,,,,Ridge,,,,0.0,0.0
tabpfn,esol,0.9170647611070477,0.0155069053420232,0.9205487625285649,0.9164156868311529,0.4264619546922441,0.031439505570202135,0.5990628728127103,0.057039279969072,0.9658784817279633,0.0488137206209156,0.0913383960723877,1.4680321216583252,4.268935918807983,5.849117279052734,S3,Medium (1K-10K),1128,False,False,7.0,1128,False,3784.517658517716,False,False,7.0,,,,,,,7.0,,tabpfn,,,,,,,,,,,,,,foundation,,,,,,,,,,,,,,,
xgb,friedman1,0.9615898796172733,0.011405056551282513,0.9586490329365434,0.9614693961781807,0.7164032357676545,0.10681751501081532,0.9153259599828203,0.14160238082058832,0.9923291953177642,0.030739315700490932,76.85130786895752,0.29808855056762695,0.020713329315185547,77.17814135551453,S1,Medium (1K-10K),2000,False,False,5.0,2000,False,10.356664657592773,False,False,5.0,0.2586808540351032,0.2866582086692441,12.390869796423221,7.2,0.9186000234707237,0.8665091188935307,5.0,79.4,xgb,2000.0,,,,,,,,,,,,,,,,,,,,,,,,,,,,
chebypoly,fiat_500_price,0.846439594406786,0.02247594183838119,0.8502860726973859,0.8455602125341276,582.3915138299623,27.604964214833018,755.9609596801972,47.27674063820194,0.8536434763042646,0.00720388189747867,3.3470163345336914,0.0029354095458984375,0.0019412040710449219,3.354567050933838,S4,Medium (1K-10K),1538,False,False,7.0,1538,False,1.2621612945675693,False,False,7.0,,,,,,,7.0,,chebypoly,,,,0.03875023227470483,,,,,0.03875023227470483,,,,,20.2,,,,,2.6,2.6,,,,Ridge,,,,0.0,0.0
xgb,sulfur,0.8281368843305819,0.021681206792065366,0.8212788904034535,0.8280089113425737,0.011437011781603052,0.0002918771756866646,0.02181803114847574,0.002095234035995472,0.937237567235174,0.10910068290459218,122.5924289226532,0.7940988540649414,0.09276366233825684,123.49448990821838,S3,Large (>=10K),10081,False,False,6.0,10081,False,9.201831399489818,False,False,6.0,0.08641230517525904,0.28786477287932744,3.086502704384612,7.6,0.7805476640601731,0.8816271764679537,6.0,39.2,xgb,2000.0,,,,,,,,,,,,,,,,,,,,,,,,,,,,
erbf,pmlb_503_wind,0.7911592333393426,0.009441485513921025,0.7955054810514866,0.7906017086489978,2.3482746461515402,0.04151341452434069,3.058075986977057,0.056736354170601036,0.8130550490792444,0.021895815739901847,265.37457060813904,6.131781816482544,0.06195950508117676,271.5815532207489,S3,Small (<1K),0,False,False,,6574,False,,False,False,,,,,,,,14.0,,erbf,,,,6.13679261343616,local_ridge,71.5,0.6,lipschitz,6.13679261343616,local_ridge,52.6,736.4,0.6,1526.4,lipschitz,,,,,,,,,,,,,,
ridge,power_grid_stability,0.6456576471563643,0.007466064814775915,0.6472834816660127,0.6451252685118014,0.017434206149040194,0.0002183695454115663,0.021967112838027988,0.00026807191209170505,0.6470603702766526,0.0014027231202883295,5.77300763130188,0.008015632629394531,0.0026557445526123047,5.794840097427368,S4,Large (>=10K),10000,False,False,12.0,10000,False,0.26557445526123047,False,False,12.0,,,,,,,12.0,,ridge,,,,9.721204710233652,,,,,9.721204710233652,,,,,13.0,,,,,,,,,,,,,,,
erbf,medical_charges,0.980001758077359,0.0006396845248675498,0.9803706796107674,0.980000258059213,0.05071170313229738,0.00026213004716517597,0.07973519472628324,0.0015016691018980503,0.9800948077877084,9.304971034940213e-05,1234.635362148285,29.77060341835022,0.24945449829101562,1264.673830986023,S4,Large (>=10K),163065,False,False,3.0,50000,False,1.529785657811398,False,False,3.0,,,,,,,3.0,,erbf,,,,0.0011654416727701592,local_ridge,53.25,0.2,kmeans,0.0011654416727701592,local_ridge,50.6,151.8,0.2,355.2,kmeans,,,,,,,,,,,,,,
xgb,pmlb_547_no2,0.5277090445825229,0.08886871218968316,0.5230308364015108,0.5192752775214965,0.3896402285099029,0.023912380653034398,0.5059278926799368,0.03157346143449443,0.8791221433367736,0.35141309875425075,39.54819631576538,0.14061737060546875,0.007550716400146484,39.70964574813843,S3,Small (<1K),0,False,False,,500,False,,False,False,,0.0337163792111002,0.2793687400001852,2.464758417792243,7.2,0.9094722198965345,0.928648964248902,7.0,8.4,xgb,2000.0,,,,,,,,,,,,,,,,,,,,,,,,,,,,
ridge,pmlb_1028_SWD,0.39612240320880066,0.06176729014820443,0.40726067270709543,0.3884686947577081,0.5082148237748132,0.03806382485396601,0.6291059313452882,0.040434114118367885,0.40908992813042283,0.012967524921622176,3.6375715732574463,0.0051157474517822266,0.0018129348754882812,3.655461549758911,S2,Small (<1K),0,True,True,,1000,False,,False,False,,,,,,,,10.0,,ridge,,,,49.81236340847641,,,,,49.81236340847641,,,,,11.0,,,,,,,,,,,,,,,
dt,physiochemical_protein,0.3595717578786333,0.015929708169475264,0.36162393285507,0.35941416357177347,3.7866766712818283,0.08671048844920869,4.8954110312478445,0.06867492790485505,0.3859186151203701,0.0263468572417368,68.39569330215454,1.8919477462768555,0.021760225296020508,70.32837390899658,S3,Large (>=10K),45730,False,False,9.0,45730,False,0.4758413578836761,False,False,9.0,,,,12.2,,,9.0,,dt,,,0.006487398333075307,,,,,,,,,,,96,,,,,,,,96.0,,,0.01723892502895325,11.6,,,
rf,cpu_act,0.975814457405075,0.0036642338619469806,0.9759912257217951,0.9757366973287993,1.9739740309146652,0.03756147891864351,2.8353208290995617,0.1019213310701342,0.9811211391062649,0.005306681701189864,1949.4442863464355,62.01242685317993,1.6854832172393799,2013.2414751052856,S1,Medium (1K-10K),8192,False,False,21.0,8192,False,205.7474630419165,False,False,21.0,,,,16.0,,,21.0,,rf,412.4,,,,,,,,,,,,,46479,,0.54,412.4,46479.0,,,,,,,,,,,
ebm,student_performance,0.22653902334723144,0.058558307705900585,0.20270425892617738,0.19415766898184383,2.0765793267059593,0.13902637016713904,2.7988782130185785,0.3295392683088322,0.3308906845393932,0.10435166119216174,146.482266664505,2.0168752670288086,0.0009446144104003906,148.50318717956543,S2,Small (<1K),649,True,True,30.0,649,False,1.4554921577818036,False,False,30.0,,0.05184061840045012,,,,,20.8,,ebm,,230.4,6.0,,,,,,,,,,,,,,,,,,,,,,,,,,
rf,student_performance,0.2373279638652972,0.06612952224039687,0.21833161489291508,0.20532037756657323,2.053106620471941,0.17414018540453258,2.788109531847167,0.40385553969201765,0.5862932119038748,0.34896524803857765,53.3241970539093,0.4339442253112793,0.0722510814666748,53.84367084503174,S2,Small (<1K),649,True,True,30.0,649,False,111.32678192091649,False,False,30.0,,,,14.2,,,20.8,,rf,228.6,,,,,,,,,,,,,17749,,0.3,228.6,17749.0,,,,,,,,,,,
ridge,Brazilian_houses,0.8361486934103229,0.007435030046589443,0.8350082302420109,0.8359952851611201,0.25457593542363843,0.002467008472015385,0.3228058292870511,0.006063434792291959,0.8388886885782101,0.0027399951678871437,7.135684490203857,0.010356664657592773,0.0029730796813964844,7.164760112762451,S4,Large (>=10K),10692,False,False,8.0,10692,False,0.27806581382309054,False,False,8.0,,,,,,,8.0,,ridge,,,,0.0010371812649132212,,,,,0.0010371812649132212,,,,,9.0,,,,,,,,,,,,,,,
chebytree,energy_efficiency_heating,0.9974935962770752,8.890489186899252e-05,0.9974979959849846,0.9974604749175274,0.36549631944411887,0.02302299394621405,0.5029123096713789,0.02471870041248944,0.9983054454007348,0.0008118491236596137,42.1362566947937,0.24495673179626465,0.1145930290222168,42.512351989746094,S1,Small (<1K),768,False,False,8.0,768,False,149.20967320601144,False,False,8.0,,,,9.0,,,8.0,,chebytree,,,0.05654635106487865,0.09367225897217597,,,,,0.09367225897217597,,,,,367.6,,,,,3.6,3.6,9.0,12.6,30.8,Ridge,,,,,
erbf,house_16H,0.4910868255831143,0.019739345306477182,0.5019589088433142,0.4906396802170372,0.3299043652493105,0.008228627466199545,0.624714134451574,0.018645003975303033,0.5472155198227048,0.05612869423959049,1389.1064612865448,38.12797665596008,0.33611321449279785,1427.590918302536,S4,Large (>=10K),22784,False,False,16.0,22784,False,14.752160046207772,False,False,16.0,,,,,,,16.0,,erbf,,,,10.775596866272107,local_variance,78.0,0.2,lipschitz,10.775596866272107,local_variance,70.4,1126.4,0.2,2324.2,lipschitz,,,,,,,,,,,,,,
chebytree,pmlb_215_2dplanes,0.9483954620985058,0.0010152617512737805,0.9476339905883926,0.9483796341351184,0.796823329306073,0.005683276315760722,0.9976840219565644,0.0063608616399261925,0.9485303102594175,0.0001348481609116936,45.393157720565796,0.18078994750976562,0.11301589012145996,45.70622134208679,S1,Small (<1K),0,False,False,,40768,False,,False,False,,,,,1.2,,,10.0,,chebytree,,,0.029742842276000263,0.47108321051902735,,,,,0.47108321051902735,,,,,60.8,,,,,2.6,2.6,1.2,2.4,28.0,Ridge,,,,,
tabpfn,airfoil_noise,0.9767852030976713,0.0031153479874451283,0.9776134187807001,0.9766881877455967,0.666725203587191,0.047493117714159525,1.0459680343183093,0.0593038984388544,0.9956741569622123,0.018888953864541036,0.0981144905090332,1.6342289447784424,5.423689126968384,7.179062128067017,S1,Medium (1K-10K),1503,False,False,5.0,1503,False,3608.5756001120317,False,False,5.0,,,,,,,5.0,,tabpfn,,,,,,,,,,,,,,foundation,,,,,,,,,,,,,,,
chebypoly,Brazilian_houses,0.9656670170522587,0.01664533078996051,0.9741892607784248,0.9656348718752035,0.052285134092430186,0.007410594008833954,0.14414264119077194,0.03540122024495865,0.9913777661122991,0.02571074906004045,13.96576714515686,0.10816287994384766,0.07603240013122559,14.164280414581299,S4,Large (>=10K),10692,False,False,8.0,10692,False,7.111148534532884,False,False,8.0,,,,,,,8.0,,chebypoly,,,,0.06762641408111134,,,,,0.06762641408111134,,,,,132.4,,,,,10.0,10.0,,,,Ridge,,,1.8,1.0,1.0
dt,pmlb_1028_SWD,0.3707131472077933,0.05360590830789326,0.3762076678230263,0.3627373949544066,0.5053138101887736,0.037389809689992566,0.6423084235666099,0.03388080235344904,0.45261182993039784,0.08189868272260453,4.140656471252441,0.008112430572509766,0.0025315284729003906,4.16367244720459,S2,Small (<1K),0,True,True,,1000,False,,False,False,,,,,14.8,,,10.0,,dt,,,0.025983688913694358,,,,,,,,,,,21,,,,,,,,21.0,,,0.07392884115984874,6.4,,,
chebypoly,sulfur,0.7640149886172949,0.04253304241817034,0.7649694627002379,0.7638392686372522,0.013176157671431137,0.0003299469748339323,0.025710928538152527,0.0041636965372380975,0.7755429477872153,0.011527959169920443,12.574532508850098,0.08229374885559082,0.059165239334106445,12.731391668319702,S3,Large (>=10K),10081,False,False,6.0,10081,False,5.8689851536659505,False,False,6.0,,,,,,,6.0,,chebypoly,,,,1.0674125007201622,,,,,1.0674125007201622,,,,,92.0,,,,,10.0,10.0,,,,Ridge,,,2.0,1.0,1.0
xgb,pmlb_225_puma8NH,0.6567396825317859,0.020012873765291747,0.6671444642927564,0.6563200856337932,2.5598250522563304,0.04436481337797813,3.290970579057492,0.06733419054821703,0.7513045036758556,0.09456482114406961,78.7714695930481,0.4239029884338379,0.03829360008239746,79.24909138679504,S1,Small (<1K),0,False,False,,8192,False,,False,False,,0.12551514690017146,0.28963163840815914,37.40680079651331,7.4,0.8458156686484564,0.8280888596395869,8.0,14.4,xgb,2000.0,,,,,,,,,,,,,,,,,,,,,,,,,,,,
erbf,pmlb_225_puma8NH,0.6865307983644191,0.015616473084035904,0.6937884766555903,0.6861476180244998,2.414435853449465,0.03176089421856085,3.1454170670994683,0.05305827482888591,0.6917031260768408,0.005172327712421709,218.32592272758484,2.7764973640441895,0.022098779678344727,221.1381537914276,S1,Small (<1K),0,False,False,,8192,False,,False,False,,,,,,,,8.0,,erbf,,,,0.40376315044626365,local_ridge,15.8,0.0,kmeans,0.40376315044626365,local_ridge,15.8,126.4,0.0,269.6,kmeans,,,,,,,,,,,,,,
xgb,california_housing,0.829206054905139,0.008046665115083982,0.828286472764937,0.8291232607731172,0.3179239923298053,0.003915606032132802,0.4766486370222808,0.010304710615509534,0.9082684977875985,0.07906244288245956,243.1127324104309,1.2217442989349365,0.1857903003692627,244.5349359512329,S4,Large (>=10K),20640,False,False,8.0,20640,False,9.001468041146449,False,False,8.0,0.9737031816206642,0.2927599694291096,14.51977975291606,8.4,0.8659034865433256,0.7571531752400047,8.0,39.4,xgb,2000.0,,,,,,,,,,,,,,,,,,,,,,,,,,,,
chebytree,elevators,0.8858681367415938,0.00566898373615256,0.8848614490738282,0.8857304439015292,0.0016696558312913467,2.3011423854671925e-05,0.0022664829453952874,6.259271610870092e-05,0.8997306463812119,0.013862509639618104,61.387192726135254,0.7092440128326416,0.3116581439971924,62.43083453178406,S1,Large (>=10K),16599,False,False,16.0,16599,False,18.775718055135393,False,False,16.0,,,,7.6,,,16.0,,chebytree,,,0.02373329877468952,0.012106246552030247,,,,,0.012106246552030247,,,,,616.8,,,,,1.6,1.6,7.6,23.6,27.6,Ridge,,,,,
ebm,synthetic_step,0.9236375300095029,0.004261687726435742,0.9229919764734313,0.9232535578159619,0.4780656476208217,0.02337652773415852,0.5999454186645479,0.026688543996715556,0.936734371747989,0.013096841738486131,161.8740131855011,4.2391602993011475,0.003777742385864258,166.12464332580566,S4,Medium (1K-10K),2000,False,False,8.0,2000,False,1.888871192932129,False,False,8.0,,0.010319494548188677,,,,,8.0,,ebm,,204.8,10.0,,,,,,,,,,,,,,,,,,,,,,,,,,
rf,particulate-matter-ukair-2017,0.725998954262686,0.030917618880855285,0.7386711231272727,0.7259372886109821,3.749404274628977,0.03371439812635152,6.0670852998169424,0.5894943668033411,0.7678313656558703,0.04183241139318428,2114.2819595336914,32.34346032142639,1.6408004760742188,2148.318873167038,S3,Large (>=10K),394299,False,False,9.0,50000,False,4.161310264733664,False,False,9.0,,,,8.8,,,9.0,,rf,139.2,,,,,,,,,,,,,5399,,0.7,139.2,5399.0,,,,,,,,,,,
rf,medical_charges,0.977111931978359,0.0011957560934964964,0.9771786629693262,0.9771102152015798,0.05460602882190997,0.0004770985479581824,0.08528795068483383,0.00252859693771637,0.9778631350917204,0.0007512031133614094,3423.3911373615265,126.66463661193848,7.155231237411499,3557.32306933403,S4,Large (>=10K),163065,False,False,3.0,50000,False,43.87962614547266,False,False,3.0,,,,12.8,,,3.0,,rf,409.0,,,,,,,,,,,,,35648,,0.7,409.0,35648.0,,,,,,,,,,,
erbf,synthetic_multithreshold,0.8894884359191394,0.022507088667684912,0.8913996892433345,0.8883702750684055,0.5260874261319083,0.07581384420052158,0.7030195982040781,0.08446291644715118,0.9193454364131466,0.02985700049400719,48.802507638931274,0.49936866760253906,0.00524139404296875,49.31539821624756,S4,Small (<1K),750,False,False,6.0,750,False,6.988525390625,False,False,6.0,,,,,,,6.0,,erbf,,,,3.4886143439920962,local_ridge,,1.0,kmeans,3.4886143439920962,local_ridge,40.0,240.0,1.0,521.0,kmeans,,,,,,,,,,,,,,
erbf,sulfur,0.7792308386497114,0.03756164238201736,0.8059657102392892,0.7790664484054799,0.0133130916374577,0.00019671908849593685,0.024830806343780442,0.0036761892333140927,0.8153111902324248,0.03608035158271339,287.9513545036316,5.340866327285767,0.07611298561096191,293.38284945487976,S3,Large (>=10K),10081,False,False,6.0,10081,False,7.550142407594675,False,False,6.0,,,,,,,6.0,,erbf,,,,0.009845705711820942,local_ridge,68.5,0.2,lipschitz,0.009845705711820942,local_ridge,62.8,376.8,0.2,817.4,lipschitz,,,,,,,,,,,,,,
erbf,Allstate_Claims_Severity,0.4809883675092232,0.008378701625630059,0.47548272110842327,0.4803387747378263,1285.333827493924,9.886483955234288,2069.534287181661,43.62284741199253,0.5008744988681648,0.019886131358941628,3418.969527244568,78.26976823806763,0.2701847553253174,3497.522516965866,S4,Large (>=10K),188318,False,False,130.0,50000,False,1.4347261298724359,False,False,130.0,,,,,,,50.0,,erbf,,,,30.554307904526627,local_variance,,1.0,kmeans,30.554307904526627,local_variance,100.0,5000.0,1.0,10101.0,kmeans,,,,,,,,,,,,,,
chebypoly,pmlb_218_house_8L,0.6384555040564909,0.014046956720991806,0.6412695817966259,0.6382967421382776,17806.01531661153,159.7186776468635,31749.000333294895,965.035059412089,0.653522699230544,0.015067195174053083,21.245575666427612,0.23323702812194824,0.15262055397033691,21.647545099258423,S4,Small (<1K),0,False,False,,22784,False,,False,False,,,,,,,,8.0,,chebypoly,,,,0.9947342465576782,,,,,0.9947342465576782,,,,,149.2,,,,,11.4,11.4,,,,Ridge,,,2.0,1.0,1.0
chebytree,pmlb_529_pollen,0.792174879316772,0.01217744509944771,0.7921396723504476,0.7919043961750669,1.133157358578822,0.023115271478647476,1.4304313774948372,0.016371838273233904,0.7956165660207126,0.0034416867039406274,28.67925477027893,0.08048701286315918,0.03173255920410156,28.807562351226807,S3,Small (<1K),0,False,False,,3848,False,,False,False,,,,,1.2,,,4.0,,chebytree,,,0.04734588428968163,0.023147214333838956,,,,,0.023147214333838956,,,,,14.4,,,,,1.0,1.0,1.2,2.4,6.0,Ridge,,,,,
chebypoly,Ailerons,0.7801021373052206,0.06596832740613733,0.779942467057002,0.7798135306274919,0.00013861923488790726,1.868538077665813e-05,0.0001893425292341082,2.9003959031530856e-05,0.7844244795933749,0.004322342288154313,13.470279455184937,0.16261887550354004,0.08070015907287598,13.72038197517395,S1,Large (>=10K),13750,False,False,33.0,13750,False,5.869102478027344,False,False,33.0,,,,,,,15.6,,chebypoly,,,,1.0631106374608847,,,,,1.0631106374608847,,,,,214.2,,,,,6.0,6.0,,,,Ridge,,,1.6,1.0,1.0
rf,friedman1_d100,0.2458141708670178,0.2915779002434944,0.14747312177921967,0.2373371173404109,3.2320309384882493,0.7715455115901587,3.998565992388768,0.9677927661301559,0.5271971560411441,0.28138298517412635,438.1425802707672,7.871694087982178,0.23009777069091797,446.27233505249023,S1,Medium (1K-10K),2000,False,False,100.0,2000,False,115.04888534545898,False,False,100.0,,,,8.6,,,18.4,,rf,348.4,,,,,,,,,,,,,29633,,0.6199999999999999,348.4,29633.0,,,,,,,,,,,
chebytree,pmlb_1029_LEV,0.5401903433594031,0.06463508662384408,0.587823820628081,0.5378768356530351,0.49179927140794105,0.024109741673699833,0.642600387794007,0.030369343564932618,0.5750527928349807,0.034862449475577595,20.623594760894775,0.04919743537902832,0.023514747619628906,20.708738327026367,S2,Small (<1K),0,True,True,,1000,False,,False,False,,,,,1.2,,,4.0,,chebytree,,,0.047663025196782255,0.5254534009084215,,,,,0.5254534009084215,,,,,19.2,,,,,1.6,1.6,1.2,2.4,8.4,Ridge,,,,,
dt,pmlb_1030_ERA,0.33753402532809557,0.09513034276038557,0.3116655584119854,0.33420086319138165,1.275155249678881,0.0548016069297866,1.593840537700307,0.07163983476423784,0.39413756587312754,0.05660354054503197,4.809391975402832,0.00713038444519043,0.0026094913482666016,4.831753730773926,S2,Small (<1K),0,True,True,,1000,False,,False,False,,,,,12.2,,,4.0,,dt,,,0.04541908443066298,,,,,,,,,,,14,,,,,,,,14.0,,,0.042955969055124735,5.8,,,
ebm,Ailerons,0.7655204142875182,0.062344828019227264,0.7626695012106767,0.7652096819077829,0.00014350936804794604,1.7139989747012222e-05,0.00019593321309479005,2.6992289196168086e-05,0.76939947051511,0.0038790562275918816,223.81429600715637,5.525526762008667,0.0050928592681884766,229.35209107398987,S1,Large (>=10K),13750,False,False,33.0,13750,False,0.3703897649591619,False,False,33.0,,0.03167653778965199,,,,,15.6,,ebm,,153.6,5.2,,,,,,,,,,,,,,,,,,,,,,,,,,
ridge,Bike_Sharing_Demand,0.3333156505896449,0.013027139245621364,0.33544229714628615,0.3330277944647032,108.56345294728115,0.9911350026371918,148.0362298783154,2.357597555598202,0.3346137931161916,0.0012981425265466973,5.073707103729248,0.007203578948974609,0.002356290817260742,5.094308376312256,S2,Large (>=10K),17379,False,True,6.0,17379,False,0.13558264671504358,False,False,6.0,,,,,,,6.0,,ridge,,,,76.51120194462683,,,,,76.51120194462683,,,,,7.0,,,,,,,,,,,,,,,
chebypoly,qm7,0.7739257068920595,0.026079516099420944,0.7639779291262212,0.7733452008555267,55.539286980671235,1.4683078691228064,105.69338611180629,5.1951190864536665,0.8034875626652292,0.02956185577316972,20.88815450668335,0.23074126243591309,0.13332605361938477,21.26836371421814,S3,Medium (1K-10K),6834,False,False,16.0,6834,False,19.509226458792035,False,False,16.0,,,,,,,14.0,,chebypoly,,,,1.171894572270241,,,,,1.171894572270241,,,,,284.8,,,,,9.8,9.8,,,,Ridge,,,1.6,1.0,1.0
rf,pmlb_225_puma8NH,0.6762776174917522,0.014496633239676416,0.6750182344723356,0.6758819040104986,2.485875602275171,0.018382702960457555,3.1966656758350553,0.04559957796723394,0.7186485446009091,0.04237092710915691,1553.2666642665863,50.43710422515869,1.5330400466918945,1605.3294982910156,S1,Small (<1K),0,False,False,,8192,False,,False,False,,,,,16.0,,,8.0,,rf,443.6,,,,,,,,,,,,,44839,,0.7,443.6,44839.0,,,,,,,,,,,
chebytree,Ailerons,0.7782123359954769,0.06730548653371742,0.7803606076131857,0.7779226962379312,0.00013906537922687745,1.9029764001494556e-05,0.0001901154975381646,2.9393213862506603e-05,0.7822754498168231,0.004063113821346165,13.75508189201355,0.10006928443908691,0.04618692398071289,13.909105777740479,S1,Large (>=10K),13750,False,False,33.0,13750,False,3.3590490167791196,False,False,33.0,,,,7.8,,,15.6,,chebytree,,,0.04592330787087691,0.5054977463066762,,,,,0.5054977463066762,,,,,273.8,,,,,1.4,1.4,7.8,19.0,19.2,Ridge,,,,,
xgb,Ailerons,0.7705020661002452,0.06454434058037142,0.7740160508289097,0.7702005495694692,0.0001414838331833143,1.7656956788868296e-05,0.00019368288516405976,2.768031270438062e-05,0.7860168780307683,0.015514811930523065,20.587959051132202,0.09847617149353027,0.010035991668701172,20.70382571220398,S1,Large (>=10K),13750,False,False,33.0,13750,False,0.7298903031782671,False,False,33.0,0.8627160388572367,0.2916944759290315,16.106697822063794,7.8,0.9668901209253666,0.7992392393155175,15.6,28.6,xgb,2000.0,,,,,,,,,,,,,,,,,,,,,,,,,,,,
ridge,lipophilicity,0.24971980244515576,0.00634416386596297,0.2493803843560306,0.24680478673439277,0.8341851105137655,0.0029757813878093795,1.0411206724649824,0.013135922920576667,0.2575986279442696,0.007878825499113812,6.57058048248291,0.009541034698486328,0.0028464794158935547,6.5983498096466064,S3,Medium (1K-10K),4200,False,False,16.0,4200,False,0.6777331942603703,False,False,16.0,,,,,,,13.0,,ridge,,,,9.98606820583564,,,,,9.98606820583564,,,,,14.0,,,,,,,,,,,,,,,
ebm,superconduct,0.8877479830820894,0.003460029702562128,0.8856717404008527,0.8874170397075059,7.411455713102837,0.10450455441076928,11.471241304299255,0.24378890411516285,0.9240216832961856,0.03627370021409626,1074.649227142334,35.59281873703003,0.019370317459106445,1110.2740688323975,S3,Large (>=10K),21263,False,False,79.0,21263,False,0.9109870412973919,False,False,79.0,,0.08338526446968611,,,,,50.0,,ebm,,256.0,3.2,,,,,,,,,,,,,,,,,,,,,,,,,,
chebypoly,particulate-matter-ukair-2017,0.7502835022495977,0.030995671016975087,0.7649006419764152,0.7502273019875383,3.6322646453065444,0.04568828656583135,5.791739011289517,0.5975284959706613,0.7927892250711244,0.04250572282152665,188.53220987319946,0.7066545486450195,0.4152212142944336,189.69026017189026,S3,Large (>=10K),394299,False,False,9.0,50000,False,1.0530617990267122,False,False,9.0,,,,,,,9.0,,chebypoly,,,,6.698671331359814,,,,,6.698671331359814,,,,,165.8,,,,,13.4,13.4,,,,Ridge,,,2.0,0.6,0.6
tabpfn,MiamiHousing2016,0.9437440358273831,0.00120557157270161,0.9434683253401938,0.9436783374790633,0.08958675373915245,0.001371392394920118,0.1346110370748111,0.0016243024813837768,0.9714963303862814,0.02775229455889827,0.16534781455993652,4.864140033721924,73.32116913795471,78.37270736694336,S4,Large (>=10K),13932,False,False,13.0,13932,False,5262.788482483112,False,False,13.0,,,,,,,13.0,,tabpfn,,,,,,,,,,,,,,foundation,,,,,,,,,,,,,,,
dt,pmlb_547_no2,0.478279206048994,0.07290816380723625,0.5022239519585381,0.4689627632998688,0.41127994326984635,0.01142994252514725,0.5339195334281589,0.014690432157129089,0.592256815258952,0.11397760920995803,6.882102012634277,0.010268449783325195,0.002590656280517578,6.907211065292358,S3,Small (<1K),0,False,False,,500,False,,False,False,,,,,8.0,,,7.0,,dt,,,0.0479028243343906,,,,,,,,,,,14,,,,,,,,14.0,,,0.04820907155049312,4.8,,,
erbf,pmlb_522_pm10,0.4088699392132268,0.07576478669094235,0.4130042294632412,0.3983140452706058,0.5281013400377959,0.03500338178103435,0.6723101036138495,0.04324159236873253,0.6765118180815005,0.26764187886827373,62.775630712509155,0.4444239139556885,0.00702357292175293,63.23818802833557,S3,Small (<1K),0,False,False,,500,False,,False,False,,,,,,,,7.0,,erbf,,,,5.91495529349758,local_variance,67.33333333333333,0.4,lipschitz,5.91495529349758,local_variance,56.4,394.8,0.4,847.0,lipschitz,,,,,,,,,,,,,,
erbf,elevators,0.8617076881435441,0.005346652724037693,0.8632820093093122,0.8615408472444805,0.001819276065859381,2.6021958979106334e-05,0.002495516250864772,6.857103004719197e-05,0.8618552762761273,0.00014758813258319847,359.65180253982544,7.184854030609131,0.19185376167297363,367.0427966117859,S1,Large (>=10K),16599,False,False,16.0,16599,False,11.55815179667291,False,False,16.0,,,,,,,16.0,,erbf,,,,0.0011057404301521721,local_ridge,79.66666666666667,0.4,lipschitz,0.0011057404301521721,local_ridge,63.8,1020.8,0.4,2106.4,lipschitz,,,,,,,,,,,,,,
ebm,airfoil_noise,0.5588607102406008,0.037804563673760186,0.571854540921414,0.5570171376531239,3.5431789891219005,0.14437327376941667,4.566103805996816,0.14387462656316818,0.601327228894624,0.04246651865402318,124.32062482833862,3.1260247230529785,0.002100229263305664,127.46090888977051,S1,Medium (1K-10K),1503,False,False,5.0,1503,False,1.3973581259518724,False,False,5.0,,0.05024987516222892,,,,,5.0,,ebm,,204.8,8.8,,,,,,,,,,,,,,,,,,,,,,,,,,
chebypoly,house_sales,0.8458885217216355,0.011207435122939214,0.8512791011374298,0.8457636294866425,0.14892980771488293,0.002769978274458034,0.20656176096829001,0.006338333192761085,0.857513309512331,0.011624787790695423,32.8364520072937,0.45109009742736816,0.28144311904907227,33.583529233932495,S4,Large (>=10K),21613,False,False,15.0,21613,False,13.021936753299972,False,False,15.0,,,,,,,14.0,,chebypoly,,,,0.06435779949853075,,,,,0.06435779949853075,,,,,244.2,,,,,8.2,8.2,,,,Ridge,,,1.4,1.0,1.0
rf,pol,0.16829362464947398,0.06998139697910781,0.18560405362124688,0.16815497225715076,31.68381746844263,2.49306791791797,38.01298401466748,1.727945473352547,0.16940259076280678,0.0011089661133328044,125.46291518211365,2.3272647857666016,0.6264574527740479,128.4463541507721,S2,Large (>=10K),15000,True,True,26.0,15000,False,41.76383018493652,False,False,26.0,,,,7.4,,,2.0,,rf,352.8,,,,,,,,,,,,,8692,,0.3,352.8,8692.0,,,,,,,,,,,
tabpfn,synthetic_step,0.9388375269632501,0.005721688790528067,0.9405874168806521,0.9385299846726818,0.4194039497983038,0.017933908746782475,0.5366514670515884,0.03249006613540855,0.9525636650084387,0.01372613804518863,0.05078744888305664,1.0074307918548584,3.6490345001220703,4.719670295715332,S4,Medium (1K-10K),2000,False,False,8.0,2000,False,1824.5172500610352,False,False,8.0,,,,,,,8.0,,tabpfn,,,,,,,,,,,,,,foundation,,,,,,,,,,,,,,,
ridge,concrete_strength,0.60082350396412,0.047181271847084365,0.5939722034393747,0.5969052070705162,8.347198342517663,0.6730582382750798,10.50351284188187,0.8082366744377276,0.6169293398278812,0.016105835863761242,5.173595190048218,0.006242990493774414,0.001995563507080078,5.19459342956543,S1,Medium (1K-10K),1030,False,False,8.0,1030,False,1.9374402981359982,False,False,8.0,,,,,,,8.0,,ridge,,,,1.1784625034012415,,,,,1.1784625034012415,,,,,9.0,,,,,,,,,,,,,,,
chebypoly,qsar_tid_11,0.3537939688222963,0.03767576794422472,0.35889582296518374,0.34968779494945396,0.9652031510201716,0.02281034555402534,1.2432163908047773,0.042542700502505214,0.3736636680505202,0.019869699228223903,33.63678026199341,0.2570216655731201,0.11147093772888184,34.016183853149414,S3,Medium (1K-10K),5742,False,False,1024.0,5742,False,19.413259792560403,False,False,1024.0,,,,,,,29.0,,chebypoly,,,,154.47418938457344,,,,,154.47418938457344,,,,,494.0,,,,,10.0,10.0,,,,Ridge,,,2.0,1.0,1.0
dt,qsar_fish_toxicity,0.5020427765067172,0.06570547232371642,0.5352691705789459,0.4978852836626955,0.7415584201880502,0.02091659800289836,1.0205781777358407,0.0372955105358453,0.6444855898633606,0.14244281335664333,7.441008567810059,0.01523733139038086,0.0031070709228515625,7.472479581832886,S3,Small (<1K),907,False,False,6.0,907,False,3.4256570262972024,False,False,6.0,,,,14.4,,,6.0,,dt,,,0.01746093744953175,,,,,,,,,,,22,,,,,,,,22.0,,,0.07118895750254685,8.4,,,
ebm,california_housing,0.7722474605920927,0.00850689066799669,0.7706661873740979,0.7721370551921495,0.38944126387315003,0.006475779851219062,0.5505041847971994,0.010423375316076452,0.7890124993855364,0.01676503879344371,502.4393982887268,12.279670238494873,0.025723695755004883,514.7539031505585,S4,Large (>=10K),20640,False,False,8.0,20640,False,1.2463030889052753,False,False,8.0,,0.07706022022405802,,,,,8.0,,ebm,,256.0,3.2,,,,,,,,,,,,,,,,,,,,,,,,,,
erbf,qm7,0.7855933230144541,0.026493477965092233,0.7698446858362478,0.785042777288497,55.10784931028238,2.0114444948576535,102.90513170265622,5.722334641423477,0.8147551806220804,0.02916185760762635,307.84019923210144,6.860759258270264,0.08237981796264648,314.79724287986755,S3,Medium (1K-10K),6834,False,False,16.0,6834,False,12.054407076770046,False,False,16.0,,,,,,,14.0,,erbf,,,,0.5997619446804898,local_variance,63.4,0.0,kmeans,0.5997619446804898,local_variance,63.4,887.6,0.0,1839.6,kmeans,,,,,,,,,,,,,,
xgb,power_grid_stability,0.9257321737808972,0.011338383714537133,0.9284507487645475,0.9256205907190932,0.0076376597081838525,0.0005886691866913079,0.010029749571101743,0.0007597001635396387,0.9822547366319704,0.056522562851073155,386.32690382003784,2.4846906661987305,0.22432851791381836,389.0509948730469,S4,Large (>=10K),10000,False,False,12.0,10000,False,22.432851791381836,False,False,12.0,0.052320709656351626,0.29560109163391984,22.27524089280867,8.0,0.8385659443004487,0.8588559288123523,12.0,96.0,xgb,2000.0,,,,,,,,,,,,,,,,,,,,,,,,,,,,
erbf,superconduct,0.8421319534666114,0.009378531375720617,0.8442793668040383,0.8416665241869812,9.104982468015626,0.23592871594078507,13.596601245686742,0.3420790740492801,0.8554575963264819,0.013325642859870479,866.6503994464874,26.951794862747192,0.27347421646118164,893.8888502120972,S3,Large (>=10K),21263,False,False,79.0,21263,False,12.861506676441785,False,False,79.0,,,,,,,50.0,,erbf,,,,0.02605884895597243,local_variance,,1.0,lipschitz,0.02605884895597243,local_variance,100.0,5000.0,1.0,10101.0,lipschitz,,,,,,,,,,,,,,
erbf,pmlb_1029_LEV,0.5498981293874472,0.0682026391736062,0.5855669544152315,0.5476334658875098,0.4861241888158244,0.02448525267694201,0.6355193884463894,0.03507786325446979,0.5902265670109845,0.04032843762353733,50.764472246170044,0.7947335243225098,0.006890773773193359,51.57804608345032,S2,Small (<1K),0,True,True,,1000,False,,False,False,,,,,,,,4.0,,erbf,,,,23.628470967731822,local_ridge,33.333333333333336,0.4,kmeans,23.628470967731822,local_ridge,36.0,144.0,0.4,325.0,kmeans,,,,,,,,,,,,,,
tabpfn,qsar_tid_11,0.5225642722511703,0.05972653480074554,0.5414009493608782,0.5195320795497194,0.7816327297489656,0.045958944860819556,1.0673048734974275,0.07168522519494046,0.6577574120393818,0.13519313978821146,10.220438241958618,7.777082204818726,32.210639238357544,50.219427824020386,S3,Medium (1K-10K),5742,False,False,1024.0,5742,False,5609.655039769687,False,False,1024.0,,,,,,,29.0,,tabpfn,,,,,,,,,,,,,,foundation,,,,,,,,,,,,,,,
ridge,house_sales,0.7463084885312327,0.005452491322436562,0.7466446892958862,0.7461028966874212,0.2047396220814953,0.0013917434730254484,0.265217604163804,0.002712779882040424,0.7471464525146084,0.0008379639833757668,12.578251838684082,0.01835322380065918,0.005658149719238281,12.617770671844482,S4,Large (>=10K),21613,False,False,15.0,21613,False,0.2617938147984214,False,False,15.0,,,,,,,14.0,,ridge,,,,17.06534818021855,,,,,17.06534818021855,,,,,15.0,,,,,,,,,,,,,,,
chebypoly,lipophilicity,0.3337110563141293,0.027875305000398597,0.3496378825854388,0.3311223664552182,0.7598852561183989,0.006382040813919984,0.9807846116646981,0.01756465651401083,0.42858776389629105,0.09487670758216177,13.886486291885376,0.10913634300231934,0.08145451545715332,14.089605569839478,S3,Medium (1K-10K),4200,False,False,16.0,4200,False,19.39393225170317,False,False,16.0,,,,,,,13.0,,chebypoly,,,,0.3082272385264907,,,,,0.3082272385264907,,,,,249.0,,,,,7.0,7.0,,,,Ridge,,,2.0,1.0,1.0
ridge,house_16H,0.23607383358367132,0.032471519347903946,0.24631767307675811,0.23540262621260427,0.43907891838674756,0.003175138429832843,0.7652400380810228,0.019252872859670235,0.24267170150428327,0.006597867920611955,13.762303352355957,0.01710224151611328,0.005800962448120117,13.79936957359314,S4,Large (>=10K),22784,False,False,16.0,22784,False,0.25460684902212594,False,False,16.0,,,,,,,16.0,,ridge,,,,55.77911209313171,,,,,55.77911209313171,,,,,17.0,,,,,,,,,,,,,,,
tabpfn,house_sales,0.9031620676979747,0.003707334834584111,0.9047228809911475,0.9030835901024045,0.11228273162184807,0.001764393005124462,0.16382866091297227,0.0023530175952445973,0.9455371608160515,0.042375093118076856,0.24337267875671387,7.180172443389893,167.2521595954895,174.6987702846527,S4,Large (>=10K),21613,False,False,15.0,21613,False,7738.49810741172,False,False,15.0,,,,,,,14.0,,tabpfn,,,,,,,,,,,,,,foundation,,,,,,,,,,,,,,,
xgb,energy_efficiency_heating,0.9960152741753013,0.00459112012372585,0.9981776467173503,0.9959626489633353,0.3657709027233599,0.1524453606096709,0.5620688110944692,0.30432042872541126,0.9960925547261263,7.728055082500962e-05,49.33181595802307,0.1359109878540039,0.01366114616394043,49.494648456573486,S1,Small (<1K),768,False,False,8.0,768,False,17.787950734297436,False,False,8.0,0.015823853056800497,0.29447030019454107,13.628162854913011,6.6,0.7895002710064901,0.883900559817155,8.0,51.4,xgb,2000.0,,,,,,,,,,,,,,,,,,,,,,,,,,,,
chebypoly,friedman1,0.9232876795967921,0.010071699738575586,0.9184585294614751,0.9230470512391913,1.0189491800326476,0.07123970622461698,1.306824591103677,0.10159818940448714,0.9276353381265683,0.004347658529776144,4.0746777057647705,0.009981632232666016,0.009624958038330078,4.101975202560425,S1,Medium (1K-10K),2000,False,False,5.0,2000,False,4.812479019165039,False,False,5.0,,,,,,,5.0,,chebypoly,,,,0.016944890875495826,,,,,0.016944890875495826,,,,,30.0,,,,,2.4,2.4,,,,Ridge,,,2.0,0.8,0.8
ridge,qsar_tid_11,0.2556926415633941,0.03742062078316239,0.26786123745883095,0.2509639426761138,1.062201400640656,0.023747314325517164,1.3343860300724295,0.04099036171944038,0.257802266382366,0.002109624818971867,17.27226686477661,0.0045740604400634766,0.0009331703186035156,17.286359071731567,S3,Medium (1K-10K),5742,False,False,1024.0,5742,False,0.16251660024442977,False,False,1024.0,,,,,,,29.0,,ridge,,,,93.58331535790936,,,,,93.58331535790936,,,,,30.0,,,,,,,,,,,,,,,
tabpfn,pmlb_215_2dplanes,0.9479150813016867,0.0010395062330906296,0.9471757495789691,0.9478991059975787,0.8010073189785833,0.005125846071230175,1.0023142508879634,0.006404927059998493,0.9519195390626816,0.004004457760994895,0.24063825607299805,13.210513830184937,426.79102087020874,440.26530051231384,S1,Small (<1K),0,False,False,,40768,False,,False,False,,,,,,,,10.0,,tabpfn,,,,,,,,,,,,,,foundation,,,,,,,,,,,,,,,
dt,pmlb_4544_GeographicalOriginalofMusic,0.5065266632372734,0.07069710203823179,0.5373575684443853,0.4932720470189117,0.5047830620387831,0.06246484668917733,0.6978323205720368,0.06643693306836088,0.6008079320913059,0.09428126885403254,3.571354866027832,0.017966032028198242,0.0007121562957763672,3.5933423042297363,S2,Small (<1K),0,False,False,,1059,False,,False,False,,,,,10.8,,,22.4,,dt,,,0.045755766816795544,,,,,,,,,,,15,,,,,,,,15.0,,,0.0562977869759703,5.4,,,
chebytree,pmlb_522_pm10,0.10946801594704847,0.09751447767007498,0.10418257994935065,0.09356565908896004,0.6497486050521901,0.056467027337368254,0.8264257045338341,0.05804818610264148,0.45676093804245443,0.34729292209540596,23.67167067527771,0.08393669128417969,0.037175655364990234,23.803656816482544,S3,Small (<1K),0,False,False,,500,False,,False,False,,,,,2.4,,,7.0,,chebytree,,,0.07134891326738321,0.4167444872672962,,,,,0.4167444872672962,,,,,64.2,,,,,2.2,2.2,2.4,4.8,17.4,Ridge,,,,,
chebypoly,Bike_Sharing_Demand,0.6441794703751459,0.009187473082209782,0.6476356275848537,0.6440258367574693,76.79245657790639,0.9487933739845048,108.13881683206982,1.5384815440189497,0.6486736153167543,0.00449414494160838,10.95117473602295,0.10313034057617188,0.06994342803955078,11.134658575057983,S2,Large (>=10K),17379,False,True,6.0,17379,False,4.024594512892041,False,False,6.0,,,,,,,6.0,,chebypoly,,,,1.820691427715023,,,,,1.820691427715023,,,,,110.6,,,,,13.6,13.6,,,,Ridge,,,1.8,1.0,1.0
chebypoly,diamonds,0.9427333464524438,0.0008825014963344942,0.9428688544219384,0.9427247549508987,0.1906218406618775,0.0012327411246566928,0.24240882179297768,0.0016783150881344321,0.9436062383483683,0.0008728918959245435,29.604191541671753,0.3085496425628662,0.20833849906921387,30.139236211776733,S4,Large (>=10K),53940,False,False,6.0,50000,False,3.862411921935741,False,False,6.0,,,,,,,6.0,,chebypoly,,,,0.23675413166045994,,,,,0.23675413166045994,,,,,94.4,,,,,12.4,12.4,,,,Ridge,,,2.0,0.6,0.6
chebypoly,feynman_wave_interference,0.9094083791716079,0.007601529157293957,0.9122353760757437,0.9093517151398153,0.5006802760033616,0.01065850371944516,0.91165393207975,0.046215638547064335,0.9108791499282484,0.0014707707566404826,8.240541934967041,0.02545166015625,0.020920991897583008,8.300455808639526,S1,Medium (1K-10K),8000,False,False,4.0,8000,False,2.615123987197876,False,False,4.0,,,,,,,4.0,,chebypoly,,,,0.05478354289234394,,,,,0.05478354289234394,,,,,27.6,,,,,3.4,3.4,,,,Ridge,,,2.0,1.0,1.0
ridge,fiat_500_price,0.8411893919469575,0.019346941388240686,0.8444397413738587,0.8402799456815202,603.9679622502505,26.007728783921273,769.467999075846,40.46670532478263,0.8442830163817453,0.0030936244347877784,2.2382733821868896,0.00146484375,0.00030875205993652344,2.2428109645843506,S4,Medium (1K-10K),1538,False,False,7.0,1538,False,0.2007490636778436,False,False,7.0,,,,,,,7.0,,ridge,,,,11.722763796842328,,,,,11.722763796842328,,,,,8.0,,,,,,,,,,,,,,,
ebm,power_grid_stability,0.7848118706788644,0.0042596713290053954,0.7835835722712643,0.7844885631100834,0.013300949709448598,9.062967101868912e-05,0.017118060682682096,0.00012252244012814025,0.7924834919954842,0.007671621316619803,233.75785422325134,5.912722110748291,0.018948078155517578,239.6978566646576,S4,Large (>=10K),10000,False,False,12.0,10000,False,1.8948078155517578,False,False,12.0,,0.0215491040765305,,,,,12.0,,ebm,,179.2,5.6,,,,,,,,,,,,,,,,,,,,,,,,,,
chebypoly,concrete_strength,0.8935199252459689,0.0013063599203295554,0.8932895427551981,0.8924747220581992,4.043596103689415,0.19548471175739277,5.439606134813797,0.34805963214171753,0.933277749884341,0.039757824638372075,7.291513919830322,0.030415058135986328,0.028922319412231445,7.362342357635498,S1,Medium (1K-10K),1030,False,False,8.0,1030,False,28.079921759448006,False,False,8.0,,,,,,,8.0,,chebypoly,,,,0.7213296080010224,,,,,0.7213296080010224,,,,,139.6,,,,,10.2,10.2,,,,Ridge,,,2.0,1.0,1.0
ebm,particulate-matter-ukair-2017,0.7523830437505985,0.031174152302122626,0.7683462709661385,0.7523273160035056,3.631667460769775,0.04726151899844939,5.767202939139899,0.5992968052445468,0.7857382784357001,0.0333552346851016,477.5823645591736,9.707813024520874,0.05082893371582031,487.36280632019043,S3,Large (>=10K),394299,False,False,9.0,50000,False,0.12890961862906147,False,False,9.0,,0.09559869290464176,,,,,9.0,,ebm,,256.0,4.8,,,,,,,,,,,,,,,,,,,,,,,,,,
rf,wine_quality,0.3925319045747869,0.013596857868986494,0.4000862456389416,0.39124330521323336,0.526326852675051,0.00414612269901404,0.6803071686805457,0.0037452993264599278,0.4873866913008407,0.0948547867260538,616.4446744918823,17.94158959388733,0.9212782382965088,635.3759927749634,S2,Medium (1K-10K),6497,True,True,11.0,6497,False,141.80055999638432,False,False,11.0,,,,19.0,,,11.0,,rf,412.4,,,,,,,,,,,,,47833,,0.7,412.4,47833.0,,,,,,,,,,,
dt,pmlb_529_pollen,0.6399025076782965,0.0315988135356709,0.6507038646326189,0.6394338419085732,1.4692565665259578,0.028377571935162382,1.8813678694464073,0.0385728939876891,0.7389182383921113,0.09901573071381486,6.133275747299194,0.06364679336547852,0.0033740997314453125,6.211413860321045,S3,Small (<1K),0,False,False,,3848,False,,False,False,,,,,12.0,,,4.0,,dt,,,0.007160401415925002,,,,,,,,,,,115,,,,,,,,115.0,,,0.018228671730841785,9.8,,,
tabpfn,qm7,0.8100584153138367,0.02815388051777012,0.796570207225094,0.8095706901251507,40.639042060870054,1.6858602683930435,96.77659793334092,6.818587586338639,0.8591586433827498,0.04910022806891312,0.11960577964782715,3.9439566135406494,24.417224168777466,28.49999475479126,S3,Medium (1K-10K),6834,False,False,16.0,6834,False,3572.903741407297,False,False,16.0,,,,,,,14.0,,tabpfn,,,,,,,,,,,,,,foundation,,,,,,,,,,,,,,,
chebypoly,pmlb_1030_ERA,0.3429842697867601,0.08598211941636395,0.30651787322682333,0.33967853026367456,1.2691986270111315,0.05025382705964426,1.5889859853760122,0.07059873294277566,0.39495475053848,0.051970480751719894,6.671305894851685,0.013224124908447266,0.01040196418762207,6.707342624664307,S2,Small (<1K),0,True,True,,1000,False,,False,False,,,,,,,,4.0,,chebypoly,,,,2.541880342161787,,,,,2.541880342161787,,,,,19.6,,,,,3.2,3.2,,,,Ridge,,,1.3333333333333333,0.6,0.6
rf,feynman_gaussian,0.9453132946299194,0.004547470476672405,0.9480777796645743,0.9452961970199867,0.0325702271757225,0.0012367485843467272,0.07919595081968264,0.006888690898343739,0.952117382838815,0.0068040882088955534,551.2221283912659,12.80789852142334,1.4477522373199463,565.5815124511719,S1,Medium (1K-10K),8000,False,False,2.0,8000,False,180.9690296649933,False,False,2.0,,,,15.8,,,2.0,,rf,381.0,,,,,,,,,,,,,24717,,0.5,381.0,24717.0,,,,,,,,,,,
xgb,pmlb_215_2dplanes,0.9467377432226817,0.0013388715498521395,0.9468716084825963,0.9467214068089262,0.8101130929549731,0.00946935451613548,1.0135609122565699,0.011239694505505696,0.950146213648358,0.00340847042567638,213.59461975097656,0.8485417366027832,0.1823101043701172,214.64568257331848,S1,Small (<1K),0,False,False,,40768,False,,False,False,,0.23464085907574445,0.29445175875110907,16.574008210444845,6.8,0.879249113366377,0.768236098236098,10.0,18.6,xgb,2000.0,,,,,,,,,,,,,,,,,,,,,,,,,,,,
chebypoly,power_plant,0.9411952692867919,0.0022116994046347043,0.9417680889288774,0.9411645192734766,3.183360171644052,0.022703833752718176,4.136415386849852,0.04802466053153854,0.9421206477301161,0.0009253784433241874,8.952009201049805,0.04621434211730957,0.03667902946472168,9.0485999584198,S1,Medium (1K-10K),9568,False,False,4.0,9568,False,3.8335106045904768,False,False,4.0,,,,,,,4.0,,chebypoly,,,,0.007434476513222087,,,,,0.007434476513222087,,,,,62.4,,,,,13.0,13.0,,,,Ridge,,,1.4,1.0,1.0
tabpfn,freesolv,0.9362058769273928,0.02634254342903045,0.946886172084088,0.9345463768825063,0.526140702786425,0.0676319093140685,0.9352876195318858,0.17609427408663228,0.988961635541945,0.052755758614552284,0.09550833702087402,1.5095298290252686,4.414754152297974,6.0390660762786865,S3,Small (<1K),642,False,False,16.0,642,False,6876.564100152606,False,False,16.0,,,,,,,13.0,,tabpfn,,,,,,,,,,,,,,foundation,,,,,,,,,,,,,,,
dt,pmlb_215_2dplanes,0.9483892228361265,0.0010169295553708573,0.947655660460815,0.9483733929590986,0.7970717439709757,0.005707746020600112,0.9977445827690967,0.006440415901598136,0.9485694388168449,0.00018021598071837897,14.376243114471436,0.12270283699035645,0.01535487174987793,14.52767825126648,S1,Small (<1K),0,False,False,,40768,False,,False,False,,,,,11.8,,,10.0,,dt,,,0.011438241192671453,,,,,,,,,,,54,,,,,,,,54.0,,,0.023223347272368654,7.0,,,
erbf,power_grid_stability,0.950853372837507,0.0031774419103435003,0.950299891751661,0.950779532906876,0.005899268667821381,0.00021026233969392264,0.008177425662455292,0.0002819151141415379,0.9557881542125853,0.004934781375078301,502.3723187446594,15.27939510345459,0.11317920684814453,517.7792999744415,S4,Large (>=10K),10000,False,False,12.0,10000,False,11.317920684814453,False,False,12.0,,,,,,,12.0,,erbf,,,,0.15687744275849955,local_variance,73.6,0.0,lipschitz,0.15687744275849955,local_variance,73.6,883.2,0.0,1841.0,lipschitz,,,,,,,,,,,,,,
ridge,elevators,0.8126883834555869,0.0057949524917489306,0.8139786246897112,0.8124624039623469,0.0019916446007814653,2.4898427505189443e-05,0.0029049321168908918,8.75928530383631e-05,0.8135396943151614,0.0008513108595744612,8.61446237564087,0.013084173202514648,0.0045468807220458984,8.643970727920532,S1,Large (>=10K),16599,False,False,16.0,16599,False,0.2739249787364238,False,False,16.0,,,,,,,16.0,,ridge,,,,0.2551598288368902,,,,,0.2551598288368902,,,,,17.0,,,,,,,,,,,,,,,
chebytree,esol,0.8486101517003937,0.018839271152187757,0.8501754716465176,0.8474253754385603,0.5968587137678065,0.022808365396308105,0.8110101202308219,0.048397885864677206,0.9009048240319176,0.05229467233152396,19.931660175323486,0.12271738052368164,0.05513286590576172,20.122214555740356,S3,Medium (1K-10K),1128,False,False,7.0,1128,False,48.876654171774575,False,False,7.0,,,,4.2,,,7.0,,chebytree,,,0.06038036599018302,0.8103466118691802,,,,,0.8103466118691802,,,,,123.6,,,,,2.8,2.8,4.2,7.2,21.6,Ridge,,,,,
dt,freesolv,0.7879292302976014,0.016884009342981243,0.7884790503801518,0.7824109831042285,1.0659513914839613,0.06967391490642898,1.7595263714367988,0.1612090751931602,0.8809584726541078,0.09302924235650634,9.022109270095825,0.016623973846435547,0.003044605255126953,9.054787158966064,S3,Small (<1K),642,False,False,16.0,642,False,4.742375786802108,False,False,16.0,,,,12.8,,,13.0,,dt,,,0.015132319397531176,,,,,,,,,,,23,,,,,,,,23.0,,,0.03280918529479083,9.0,,,
chebytree,pmlb_503_wind,0.7851871011974303,0.011842976134942215,0.7877043090120543,0.7846136326614556,2.382573483697745,0.052393746838236076,3.1011614479908176,0.07732924958812348,0.7958932163825271,0.010706115185096787,34.58999037742615,0.11036062240600586,0.04912424087524414,34.763566970825195,S3,Small (<1K),0,False,False,,6574,False,,False,False,,,,,1.2,,,14.0,,chebytree,,,0.05794074053861692,0.5308354118991108,,,,,0.5308354118991108,,,,,94.4,,,,,2.8,2.8,1.2,2.4,41.2,Ridge,,,,,
dt,MiamiHousing2016,0.8023523138449751,0.01176038141866867,0.8032299136254035,0.8021214921040727,0.17344022180901217,0.006807883596596731,0.25225330711217403,0.008823153147149276,0.826949281729213,0.02459696788423793,31.10342025756836,0.6913580894470215,0.009860038757324219,31.822428703308105,S4,Large (>=10K),13932,False,False,13.0,13932,False,0.7077260089954219,False,False,13.0,,,,13.0,,,13.0,,dt,,,0.006566775078664681,,,,,,,,,,,106,,,,,,,,106.0,,,0.018167440981615053,10.8,,,
ridge,esol,0.8280614436091449,0.009269202796332398,0.8327868212781537,0.8267157842363391,0.6500695182638184,0.019018378385952717,0.8657659350273402,0.02099634872637184,0.8322587642342736,0.004197320625128675,5.049429178237915,0.00709986686706543,0.0022895336151123047,5.073088884353638,S3,Medium (1K-10K),1128,False,False,7.0,1128,False,2.0297283821917596,False,False,7.0,,,,,,,7.0,,ridge,,,,0.8478547151960921,,,,,0.8478547151960921,,,,,8.0,,,,,,,,,,,,,,,
tabpfn,power_plant,0.9673473717583579,0.0025877920687573447,0.968281897171138,0.9673302971107833,2.1038506413691964,0.03916201088624969,3.080171317109788,0.0982618418678726,0.9790838507487158,0.011736478990357901,0.08277273178100586,2.6660573482513428,18.73669719696045,21.50508165359497,S1,Medium (1K-10K),9568,False,False,4.0,9568,False,1958.2668475084083,False,False,4.0,,,,,,,4.0,,tabpfn,,,,,,,,,,,,,,foundation,,,,,,,,,,,,,,,
chebytree,diamonds,0.9431984605799141,0.0034477153469047463,0.9445656251205207,0.9431899388576998,0.18691746969410045,0.000999184792175439,0.24132076491030366,0.007072157881025127,0.9463269384657483,0.0031284778858342577,62.52628254890442,0.7450981140136719,0.31474971771240234,63.61001992225647,S4,Large (>=10K),53940,False,False,6.0,50000,False,5.835182011724181,False,False,6.0,,,,10.6,,,6.0,,chebytree,,,0.04526188655214398,0.05649233647232711,,,,,0.05649233647232711,,,,,340.4,,,,,2.0,2.0,10.6,25.6,14.0,Ridge,,,,,
ridge,pmlb_547_no2,0.48533155766457553,0.037059370605783584,0.47346943154782106,0.4761410497657287,0.4121291040255115,0.03575915936206881,0.5324156396627153,0.025798586992253944,0.5171775646501533,0.03184600698557777,7.217895746231079,0.006443023681640625,0.0019464492797851562,7.238067150115967,S3,Small (<1K),0,False,False,,500,False,,False,False,,,,,,,,7.0,,ridge,,,,7.4275356230563645,,,,,7.4275356230563645,,,,,8.0,,,,,,,,,,,,,,,
xgb,diamonds,0.945373920510632,0.0013717890380431136,0.9455797840757018,0.9453657251645231,0.1856637317895344,0.0026944272579827308,0.23674040194003343,0.002660460762474005,0.9488491334691809,0.003475212958548912,403.3175382614136,2.7843916416168213,0.6978805065155029,406.81972765922546,S4,Large (>=10K),53940,False,False,6.0,50000,False,12.938088737773507,False,False,6.0,58.87866048234075,0.27324397677701395,17.80975099280125,5.4,0.7727589803613875,0.8992329131147112,6.0,295.6,xgb,2000.0,,,,,,,,,,,,,,,,,,,,,,,,,,,,
chebytree,Brazilian_houses,0.9820926970132067,0.02670413493825511,0.9938328210413475,0.9820759316320986,0.012709732698785735,0.0058401538349495494,0.08436288010122657,0.07040396161988076,0.9995788065672075,0.017486109554000873,49.307244300842285,0.5371859073638916,0.23213577270507812,50.09657645225525,S4,Large (>=10K),10692,False,False,8.0,10692,False,21.711164674997956,False,False,8.0,,,,7.8,,,8.0,,chebytree,,,0.034528038840119596,0.0018046957720207857,,,,,0.0018046957720207857,,,,,450.4,,,,,2.4,2.4,7.8,22.0,21.2,Ridge,,,,,
chebypoly,pmlb_1028_SWD,0.41604944023762525,0.057524626252614654,0.42532598400253296,0.4086482924586344,0.5030131939313293,0.0434288574332078,0.6186626328693484,0.03812670657391587,0.4636751783611449,0.04762573812351967,7.611444473266602,0.03499555587768555,0.02984619140625,7.688786268234253,S2,Small (<1K),0,True,True,,1000,False,,False,False,,,,,,,,10.0,,chebypoly,,,,71.50885108034488,,,,,71.50885108034488,,,,,140.0,,,,,10.2,10.2,,,,Ridge,,,2.0,0.4,0.4
ridge,power_plant,0.928522650410104,0.003132952200434842,0.9301060167641866,0.9284852736459209,3.6274643813731187,0.03987204323904525,4.560097488035381,0.07031832841066232,0.9287044579781993,0.00018180756809538234,4.524449110031128,0.0062296390533447266,0.0022106170654296875,4.544588327407837,S1,Medium (1K-10K),9568,False,False,4.0,9568,False,0.23104275349390546,False,False,4.0,,,,,,,4.0,,ridge,,,,0.38286369853320035,,,,,0.38286369853320035,,,,,5.0,,,,,,,,,,,,,,,
ebm,diamonds,0.9449611671257374,0.000558695096697422,0.9448534932689191,0.9449529098557841,0.18649365281176683,0.000996195319660579,0.2376506087608629,0.0008311161749382759,0.9462703434107362,0.0013091762849988253,823.1048974990845,24.0418484210968,0.0451512336730957,847.2053999900818,S4,Large (>=10K),53940,False,False,6.0,50000,False,0.8370640280514591,False,False,6.0,,0.08666093367919608,,,,,6.0,,ebm,,128.0,4.4,,,,,,,,,,,,,,,,,,,,,,,,,,
erbf,feynman_gaussian,0.9690569843651439,0.00372465934936586,0.9690096787590261,0.969047310137964,0.024952956171470548,0.001998231565223433,0.05931351811362083,0.0030393896967758015,0.9702203229028863,0.00116333853774242,134.26324653625488,2.746957302093506,0.06453371047973633,137.09012007713318,S1,Medium (1K-10K),8000,False,False,2.0,8000,False,8.066713809967041,False,False,2.0,,,,,,,2.0,,erbf,,,,0.0013939628902281988,local_variance,67.2,0.0,lipschitz,0.0013939628902281988,local_variance,67.2,134.4,0.0,337.0,lipschitz,,,,,,,,,,,,,,
xgb,feynman_gaussian,0.489667103497459,0.014106639535499932,0.48660831995737663,0.48950754967644833,0.1747219320471356,0.003106873914751869,0.24163019025458513,0.010946733478886785,0.5167427251355512,0.027075621638092184,39.89099645614624,0.13302230834960938,0.023778915405273438,40.06204080581665,S1,Medium (1K-10K),8000,False,False,2.0,8000,False,2.9723644256591797,False,False,2.0,17.43033027436445,0.2921775021770067,19.068157784590813,3.2,0.7444450849749452,0.8414059311595367,2.0,25.8,xgb,2000.0,,,,,,,,,,,,,,,,,,,,,,,,,,,,
rf,healthcare_insurance,0.8556976396030889,0.03853031246887681,0.8722122713127479,0.8548834442732108,2538.9026997908304,198.88743179884995,4498.958982143737,551.103777023347,0.8801344082354117,0.024436768632322803,193.93839597702026,2.7666141986846924,0.35005831718444824,197.12113237380981,S4,Medium (1K-10K),1338,False,False,6.0,1338,False,261.62803974921394,False,False,6.0,,,,4.8,,,6.0,,rf,266.8,,,,,,,,,,,,,2638,,0.7,266.8,2638.0,,,,,,,,,,,
ebm,synthetic_piecewise,0.9199398783728604,0.009968537217225184,0.9210971453438939,0.9196887487567149,0.3558227736464751,0.010746461209803899,0.4539437615471226,0.014918269960415467,0.9301429423305944,0.01020306395773396,117.01727843284607,2.8170502185821533,0.003314495086669922,119.84792137145996,S4,Medium (1K-10K),2000,False,False,5.0,2000,False,1.657247543334961,False,False,5.0,,0.0306034509947243,,,,,5.0,,ebm,,230.4,6.0,,,,,,,,,,,,,,,,,,,,,,,,,,
dt,diabetes,0.3163211684625449,0.10157127441917443,0.37461070957183484,0.2963687022373773,50.5052650521785,3.986792140576857,62.982668868062134,4.405408215513637,0.5037741901279273,0.18745302166538247,8.25391149520874,0.010654211044311523,0.0030412673950195312,8.281258344650269,S3,Small (<1K),442,False,False,10.0,442,False,6.880695463845093,False,False,10.0,,,,15.0,,,10.0,,dt,,,0.08387696528441971,,,,,,,,,,,9,,,,,,,,9.0,,,0.04367674120191045,4.2,,,
ridge,pmlb_225_puma8NH,0.3686474620599003,0.027166844219655283,0.3739031529335398,0.3678757062429868,3.649786895382012,0.02269909627894234,4.464395770176886,0.060066309421757245,0.3714341403742716,0.0027866783143712937,5.593302488327026,0.007399320602416992,0.002477407455444336,5.615229606628418,S1,Small (<1K),0,False,False,,8192,False,,False,False,,,,,,,,8.0,,ridge,,,,24.153063038757814,,,,,24.153063038757814,,,,,9.0,,,,,,,,,,,,,,,
ridge,physiochemical_protein,0.28137770964321396,0.0022484250973695587,0.28070866909512704,0.2812008736227292,4.341844383780197,0.022580866829637794,5.185990852902459,0.023882224484940463,0.2823841757083671,0.0010064660651531443,12.180206775665283,0.014834165573120117,0.005387783050537109,12.21419906616211,S3,Large (>=10K),45730,False,False,9.0,45730,False,0.11781725454924796,False,False,9.0,,,,,,,9.0,,ridge,,,,0.7897794165965916,,,,,0.7897794165965916,,,,,10.0,,,,,,,,,,,,,,,
rf,synthetic_piecewise,0.9347614442961396,0.01078898162355601,0.9310584639027504,0.93455680641752,0.30256266641785146,0.010257554456936616,0.40977279663266614,0.03667351305435122,0.9569720436305392,0.022210599334399617,364.5917639732361,9.51235294342041,0.6859426498413086,374.87941431999207,S4,Medium (1K-10K),2000,False,False,5.0,2000,False,342.9713249206543,False,False,5.0,,,,14.4,,,5.0,,rf,418.8,,,,,,,,,,,,,43641,,0.7,418.8,43641.0,,,,,,,,,,,
ebm,qm7,0.7713335467878054,0.028324121300553208,0.7500987224053166,0.7707463857457604,56.93068009833674,1.8779669968158343,106.26759553290808,5.943191611277716,0.8050019892594203,0.033668442471614934,291.46157908439636,7.129508972167969,0.006714820861816406,298.6056122779846,S3,Medium (1K-10K),6834,False,False,16.0,6834,False,0.9825608518900214,False,False,16.0,,0.08745735643557451,,,,,14.0,,ebm,,230.4,7.2,,,,,,,,,,,,,,,,,,,,,,,,,,
xgb,pmlb_522_pm10,0.30827222822875777,0.15921539538724797,0.34782720382286614,0.29591994658998566,0.5671570022106172,0.03945327609180231,0.7218352014405272,0.06070267614041992,0.7465959007141512,0.4383236724853934,33.28234386444092,0.11465620994567871,0.0064814090728759766,33.41586422920227,S3,Small (<1K),0,False,False,,500,False,,False,False,,0.17057975511104545,0.27545704235441393,9.11850160204087,7.0,0.886882471086553,0.806528949291387,7.0,16.2,xgb,2000.0,,,,,,,,,,,,,,,,,,,,,,,,,,,,
ebm,house_16H,0.515823202143719,0.006544976503632978,0.5146484186913813,0.5153977906401108,0.3354009316048192,0.005517410227651684,0.6093448817476964,0.009359724703792042,0.5369937885491597,0.021170586405440672,454.8365092277527,10.92073941230774,0.048915863037109375,465.81854367256165,S4,Large (>=10K),22784,False,False,16.0,22784,False,2.146939213356275,False,False,16.0,,0.05813514458938699,,,,,16.0,,ebm,,128.0,6.0,,,,,,,,,,,,,,,,,,,,,,,,,,
tabpfn,diabetes,0.48783793399361103,0.09270841603166013,0.511464457246936,0.4728903279479918,43.872304499648564,3.253201302161434,54.33034835154755,3.3719363095194645,0.5806831083789906,0.09284517438537959,0.08081340789794922,1.4107284545898438,4.829952716827393,6.340735673904419,S3,Small (<1K),442,False,False,10.0,442,False,10927.494834451116,False,False,10.0,,,,,,,10.0,,tabpfn,,,,,,,,,,,,,,foundation,,,,,,,,,,,,,,,
chebytree,physiochemical_protein,0.5053738610802384,0.006547849030596813,0.5033234686953563,0.5052521452370088,3.158017774186912,0.04526073382480569,4.30248754427654,0.04362680853645862,0.5791723303167171,0.0737984692364787,165.23744678497314,3.5698978900909424,1.0659911632537842,169.919846534729,S3,Large (>=10K),45730,False,False,9.0,45730,False,23.310543696780762,False,False,9.0,,,,11.4,,,9.0,,chebytree,,,0.012691732189214381,3.488575374247632,,,,,3.488575374247632,,,,,3022.6,,,,,5.2,5.2,11.4,63.2,48.8,Ridge,,,,,
chebytree,particulate-matter-ukair-2017,0.7461736462005217,0.029125458422519575,0.7599470865093827,0.7461165209896141,3.6984490205432166,0.060298510276360635,5.839648574307097,0.575496878769642,0.7890887354117496,0.042915089211227886,199.76679968833923,0.5817596912384033,0.22176051139831543,200.59895777702332,S3,Large (>=10K),394299,False,False,9.0,50000,False,0.5624171286214661,False,False,9.0,,,,4.4,,,9.0,,chebytree,,,0.07720280915446358,4.484558301566837,,,,,4.484558301566837,,,,,316.8,,,,,3.4,3.4,4.4,7.2,32.6,Ridge,,,,,
chebypoly,pmlb_215_2dplanes,0.9483599434061404,0.001040577984329746,0.9475828042303032,0.9483441045486398,0.7971050578573033,0.005850183195686816,0.998023438780858,0.0064974778100232635,0.9485599916391628,0.0002000482330224429,41.20269179344177,0.336533784866333,0.25229644775390625,41.811359167099,S1,Small (<1K),0,False,False,,40768,False,,False,False,,,,,,,,10.0,,chebypoly,,,,3.372471362862387,,,,,3.372471362862387,,,,,95.0,,,,,4.8,4.8,,,,Ridge,,,1.0,1.0,1.0
xgb,medical_charges,0.9793786920532078,0.000676790845742605,0.97972307078087,0.9793771453004366,0.05171318260164874,0.00037910545832401754,0.08096716484469371,0.001546845844064096,0.9801762119012206,0.0007975198480127954,332.59778594970703,1.5155558586120605,0.6437718868255615,334.7793564796448,S4,Large (>=10K),163065,False,False,3.0,50000,False,3.9479464435995553,False,False,3.0,1.4366385137205666,0.29387902505746066,16.188448532540168,6.0,0.7272347194934564,0.8880479795034434,3.0,76.4,xgb,2000.0,,,,,,,,,,,,,,,,,,,,,,,,,,,,
xgb,concrete_strength,0.9176273516621383,0.009953408546106312,0.916748067837113,0.9168187857888832,3.2711505302688453,0.22405663386518546,4.780125156549795,0.4600315112736749,0.9820230941191621,0.06439574245702384,60.9299590587616,0.4673640727996826,0.0187530517578125,61.42926073074341,S1,Medium (1K-10K),1030,False,False,8.0,1030,False,18.206846366808254,False,False,8.0,0.19465096597357917,0.28413544225649695,5.498244436657835,7.8,0.945342902631739,0.823653888558668,8.0,59.6,xgb,2000.0,,,,,,,,,,,,,,,,,,,,,,,,,,,,
ridge,superconduct,0.6753091642601051,0.007156355065356589,0.6756067412773845,0.6743519049003365,14.79333559017365,0.22459973652640633,19.509774228281106,0.29753127631313725,0.6773012788989208,0.0019921146388156563,27.65131115913391,0.01801013946533203,0.002802610397338867,27.689575910568237,S3,Large (>=10K),21263,False,False,79.0,21263,False,0.13180691329252067,False,False,79.0,,,,,,,50.0,,ridge,,,,0.26257613189419104,,,,,0.26257613189419104,,,,,51.0,,,,,,,,,,,,,,,
dt,feynman_wave_interference,0.8728065419374633,0.01091559292829858,0.8792647732917932,0.8727269838714353,0.589139669685412,0.02286848014365338,1.080042532996438,0.05133773756677201,0.8881404006047093,0.015333858667246014,9.929774045944214,0.1285107135772705,0.0054912567138671875,10.078305721282959,S1,Medium (1K-10K),8000,False,False,4.0,8000,False,0.6864070892333984,False,False,4.0,,,,12.0,,,4.0,,dt,,,0.008804783202111735,,,,,,,,,,,84,,,,,,,,84.0,,,0.024216934782735365,10.2,,,
ridge,medical_charges,0.8272701334245971,0.006491906607840687,0.8281520089961815,0.8272571773890004,0.18080782649976646,0.0015781910714749191,0.23433124741852146,0.005310394723999625,0.8272150922518982,-5.504117269894415e-05,10.97872281074524,0.012834310531616211,0.003990888595581055,11.020437955856323,S4,Large (>=10K),163065,False,False,3.0,50000,False,0.024474219455928953,False,False,3.0,,,,,,,3.0,,ridge,,,,4.924023159446508,,,,,4.924023159446508,,,,,4.0,,,,,,,,,,,,,,,
dt,concrete_strength,0.810612429768382,0.025833085677179568,0.8187787749488644,0.8087534106740838,5.358167203233506,0.28656972427844135,7.222097798722063,0.43512369530752637,0.9095486652581428,0.09893623548976083,5.640488147735596,0.019321918487548828,0.002630472183227539,5.673367977142334,S1,Medium (1K-10K),1030,False,False,8.0,1030,False,2.553856488570426,False,False,8.0,,,,11.0,,,8.0,,dt,,,0.0073008711165579165,,,,,,,,,,,76,,,,,,,,76.0,,,0.014126001099507906,9.0,,,
dt,qm7,0.7376936139648136,0.029076879283488646,0.7347192948018115,0.7370200743153936,67.84200359746379,1.9356243710998513,113.86169558714036,5.379394596573054,0.7692763828996727,0.03158276893485912,11.083343744277954,0.08460378646850586,0.006570100784301758,11.190869092941284,S3,Medium (1K-10K),6834,False,False,16.0,6834,False,0.9613843699592856,False,False,16.0,,,,15.2,,,14.0,,dt,,,0.006530704786069289,,,,,,,,,,,111,,,,,,,,111.0,,,0.016159591326460755,10.4,,,
ridge,nyc-taxi-green-dec-2016,0.30685603465293854,0.02204788555374967,0.3097546087010069,0.30671737466137106,0.36180320785803693,0.0023709285381973387,0.4965041641194813,0.007520235130195041,0.30805925554370406,0.0012032208907655217,11.943479299545288,0.015263795852661133,0.0050830841064453125,11.978523969650269,S4,Large (>=10K),581835,False,False,9.0,50000,False,0.008736298274330888,False,False,9.0,,,,,,,8.0,,ridge,,,,97.91413267993056,,,,,97.91413267993056,,,,,9.0,,,,,,,,,,,,,,,
xgb,Bike_Sharing_Demand,0.6887512316558366,0.008785252198468199,0.6875289999617387,0.6886168429251119,68.15998628581029,0.48558353937043575,101.13078774688627,1.0708772248828544,0.7519940047682725,0.06324277311243587,89.54157757759094,0.3546445369720459,0.07302451133728027,89.98334527015686,S2,Large (>=10K),17379,False,True,6.0,17379,False,4.201882233573869,False,False,6.0,0.032048914668740755,0.2962326873300523,23.74048802041697,8.4,0.8552093834823185,0.8164363408109528,6.0,17.4,xgb,2000.0,,,,,,,,,,,,,,,,,,,,,,,,,,,,
rf,california_housing,0.7395950209365623,0.010477398642237234,0.7381586458446946,0.7394687869286543,0.4139951640255072,0.006645807754050046,0.5886244784761305,0.011770965486066634,0.7570580639291171,0.017463042992554856,2309.5052485466003,48.25705909729004,1.599663496017456,2359.435040473938,S4,Large (>=10K),20640,False,False,8.0,20640,False,77.50307635743488,False,False,8.0,,,,16.2,,,8.0,,rf,207.2,,,,,,,,,,,,,9948,,0.5,207.2,9948.0,,,,,,,,,,,
chebypoly,friedman1_d100,0.26502149608992764,0.29269136258903994,0.15924673525981947,0.2567641316412768,3.1811725630717653,0.7985410231408934,3.935908661194682,1.0010193357904658,0.2998291033522079,0.03480760726228027,5.586096286773682,0.013381242752075195,0.012596845626831055,5.6168577671051025,S1,Medium (1K-10K),2000,False,False,100.0,2000,False,6.298422813415527,False,False,100.0,,,,,,,18.4,,chebypoly,,,,14.58041988214097,,,,,14.58041988214097,,,,,82.6,,,,,2.2,2.2,,,,Ridge,,,2.0,0.2,0.2
chebytree,wine_quality,0.33602373794913953,0.01719969334114537,0.3419564045527542,0.3346152699778475,0.5552110419571307,0.003754682289652632,0.7112217688512426,0.004810744615783809,0.3834623096453373,0.04743857169619775,29.67515230178833,0.19981050491333008,0.09320473670959473,29.98437762260437,S2,Medium (1K-10K),6497,True,True,11.0,6497,False,14.345811406740761,False,False,11.0,,,,4.8,,,11.0,,chebytree,,,0.06649198598695544,0.5131592041843956,,,,,0.5131592041843956,,,,,160.6,,,,,3.2,3.2,4.8,6.6,37.2,Ridge,,,,,
tabpfn,synthetic_piecewise,0.9626743965526124,0.004072717125094022,0.963731828717262,0.9625573149859644,0.24644016524063436,0.009121692891926405,0.31023837282446215,0.011877986912041704,0.9683345853872776,0.005660188834665125,0.049920082092285156,0.91902756690979,3.2801830768585205,4.261813402175903,S4,Medium (1K-10K),2000,False,False,5.0,2000,False,1640.0915384292603,False,False,5.0,,,,,,,5.0,,tabpfn,,,,,,,,,,,,,,foundation,,,,,,,,,,,,,,,
dt,house_16H,0.42290211435688174,0.016827996057564413,0.42269765388155156,0.42239505949715006,0.3657668093365105,0.006096034449768976,0.665101259337795,0.007127823730267824,0.46762522495620074,0.044723110599318994,53.88879036903381,1.2956206798553467,0.015038251876831055,55.216399908065796,S4,Large (>=10K),22784,False,False,16.0,22784,False,0.6600356336390034,False,False,16.0,,,,12.6,,,16.0,,dt,,,0.007181286247331775,,,,,,,,,,,92,,,,,,,,92.0,,,0.017311507770848115,11.0,,,
erbf,pmlb_547_no2,0.595316759162539,0.034016094175935166,0.6047779500176672,0.5880902727190129,0.3697880061323711,0.03671858232222855,0.47273415733234064,0.036257506878953426,0.7445988467820321,0.14928208761949313,61.230241775512695,0.6149344444274902,0.006496429443359375,61.86249089241028,S3,Small (<1K),0,False,False,,500,False,,False,False,,,,,,,,7.0,,erbf,,,,5.617840699121801,local_ridge,69.5,0.6,lipschitz,5.617840699121801,local_ridge,51.8,362.6,0.6,778.0,lipschitz,,,,,,,,,,,,,,
chebypoly,healthcare_insurance,0.8335159176927546,0.043895807039332685,0.8494689989178228,0.8325765638505231,2931.3813063821713,210.3789630196083,4830.54061381716,566.7503202487691,0.8511496310698764,0.01763371337712183,11.768208503723145,0.01629185676574707,0.014319658279418945,11.809181213378906,S4,Medium (1K-10K),1338,False,False,6.0,1338,False,10.702285709580677,False,False,6.0,,,,,,,6.0,,chebypoly,,,,0.8288087603000157,,,,,0.8288087603000157,,,,,52.4,,,,,4.4,4.4,,,,Ridge,,,1.6,1.0,1.0
ebm,elevators,0.8726929690591732,0.0056287395848936255,0.8748224224869356,0.8725393811877481,0.001740862950717861,2.920657719777974e-05,0.002394456555265189,7.84645112861257e-05,0.881999547353454,0.009306578294280832,915.8487465381622,35.749934911727905,0.0265505313873291,951.6338348388672,S1,Large (>=10K),16599,False,False,16.0,16599,False,1.5995259586317911,False,False,16.0,,0.012161834614997426,,,,,16.0,,ebm,,230.4,2.0,,,,,,,,,,,,,,,,,,,,,,,,,,
xgb,pol,0.16107750678398608,0.06626808599138197,0.18001289174534274,0.1609376514046052,32.195253821399305,2.2733764581147398,38.18169931104459,1.6402932201601763,0.16541594348918326,0.0043384367051971795,15.411102771759033,0.07517528533935547,0.02440333366394043,15.518079042434692,S2,Large (>=10K),15000,True,True,26.0,15000,False,1.626888910929362,False,False,26.0,0.9474453262533336,0.2939214292762347,18.38784364975169,6.0,0.7501024532524354,0.8563080508531307,2.0,36.4,xgb,2000.0,,,,,,,,,,,,,,,,,,,,,,,,,,,,
tabpfn,friedman1,0.9993853440153021,3.8049353691937386e-05,0.999382143743449,0.9993834159852373,0.09244724373402455,0.0033179765666963186,0.11712687407400879,0.004543366527866767,0.9997075583960223,0.00032221438072022046,0.07577085494995117,1.393322467803955,4.405132532119751,5.89305305480957,S1,Medium (1K-10K),2000,False,False,5.0,2000,False,2202.5662660598755,False,False,5.0,,,,,,,5.0,,tabpfn,,,,,,,,,,,,,,foundation,,,,,,,,,,,,,,,
erbf,feynman_wave_interference,0.9649779264054722,0.006393791844836274,0.96468109212716,0.9649560204954835,0.329905636853587,0.01969840088619321,0.5645789192379402,0.04964659000341952,0.9710612346258335,0.006083308220361294,198.32118153572083,4.871081590652466,0.06807398796081543,203.2739336490631,S1,Medium (1K-10K),8000,False,False,4.0,8000,False,8.509248495101929,False,False,4.0,,,,,,,4.0,,erbf,,,,0.09112248632427614,local_variance,79.4,0.0,kmeans,0.09112248632427614,local_variance,79.4,317.6,0.0,715.6,kmeans,,,,,,,,,,,,,,
ridge,pmlb_215_2dplanes,0.705279855402343,0.00514443513884838,0.7059236366210146,0.7051894598830536,1.9225901886182843,0.008292384696889183,2.3842780162422725,0.0077263666294089635,0.7055867760186096,0.00030692061626669265,11.742125988006592,0.01923537254333496,0.006166219711303711,11.7828950881958,S1,Small (<1K),0,False,False,,40768,False,,False,False,,,,,,,,10.0,,ridge,,,,4.2382422605684855,,,,,4.2382422605684855,,,,,11.0,,,,,,,,,,,,,,,
xgb,pmlb_503_wind,0.7688518340770014,0.011354390162539472,0.7664339321009694,0.768234757487451,2.4677053455770928,0.06005731619668661,3.217384145193756,0.0832937183920392,0.8717322483955071,0.1028804143185057,97.68272137641907,0.4557664394378662,0.03172469139099121,98.18169331550598,S3,Small (<1K),0,False,False,,6574,False,,False,False,,0.18473355162915597,0.2970183913216734,16.520534294213377,7.0,0.7657297959905914,0.7878792396972341,14.0,20.4,xgb,2000.0,,,,,,,,,,,,,,,,,,,,,,,,,,,,
chebypoly,pmlb_4544_GeographicalOriginalofMusic,0.6288827296086991,0.11043969102431564,0.6272613276508312,0.6190537638886505,0.4420075939415108,0.08270799855189606,0.5985773875874227,0.10366734470313994,0.6687537117470934,0.03987098213839435,3.807359457015991,0.0037992000579833984,0.0036439895629882812,3.8183820247650146,S2,Small (<1K),0,False,False,,1059,False,,False,False,,,,,,,,22.4,,chebypoly,,,,0.3165489084731256,,,,,0.3165489084731256,,,,,24.4,,,,,1.0,1.0,,,,Ridge,,,,0.0,0.0
erbf,synthetic_step,0.877770288065854,0.01677347458757016,0.8703011238462964,0.8771556823490261,0.5883607120086399,0.04151390334809279,0.7569016319923642,0.05196497415672865,0.894835627628528,0.017065339562673976,76.56028437614441,1.3529391288757324,0.014344930648803711,77.9385461807251,S4,Medium (1K-10K),2000,False,False,8.0,2000,False,7.1724653244018555,False,False,8.0,,,,,,,8.0,,erbf,,,,4.205892672477679,local_ridge,46.75,0.2,kmeans,4.205892672477679,local_ridge,45.4,363.2,0.2,772.8,kmeans,,,,,,,,,,,,,,
chebypoly,airfoil_noise,0.7293914569755413,0.033258162938547685,0.7432147892369401,0.7282605679149772,2.835201652393649,0.17796683736935257,3.5731811271476195,0.18206932848198334,0.7640447752194179,0.03465331824387663,6.077598810195923,0.01952981948852539,0.01779770851135254,6.125710964202881,S1,Medium (1K-10K),1503,False,False,5.0,1503,False,11.841456095377604,False,False,5.0,,,,,,,5.0,,chebypoly,,,,0.30322702562557785,,,,,0.30322702562557785,,,,,75.0,,,,,10.6,10.6,,,,Ridge,,,2.0,1.0,1.0
chebypoly,food_delivery_time,0.33099737910603944,0.00937830412735257,0.3316943875984637,0.33083174246551916,6.0499781961599535,0.041659477565697094,7.672015546064516,0.0504500963477912,0.37230269128171845,0.04130531217567901,73.35488772392273,0.719290018081665,0.49657559394836426,74.59696793556213,S2,Large (>=10K),45451,False,False,9.0,45451,False,10.925515257054064,False,False,9.0,,,,,,,9.0,,chebypoly,,,,0.0034268737942174513,,,,,0.0034268737942174513,,,,,160.4,,,,,13.6,13.6,,,,Ridge,,,1.0,1.0,1.0
chebytree,healthcare_insurance,0.8565475057542222,0.04070171027417363,0.8748567376096269,0.855738106232474,2430.1535682195527,198.08590474713952,4480.216503921509,583.9282053454272,0.8735322853512104,0.016984779596988187,33.433207511901855,0.12189865112304688,0.05431103706359863,33.62451434135437,S4,Medium (1K-10K),1338,False,False,6.0,1338,False,40.59120856771198,False,False,6.0,,,,2.4,,,6.0,,chebytree,,,0.05723315248421814,0.1913666395610136,,,,,0.1913666395610136,,,,,46.4,,,,,1.2,1.2,2.4,5.2,9.2,Ridge,,,,,
dt,sulfur,0.7166181394442128,0.03876538629943006,0.714325816408373,0.7164071270124599,0.013174618142453198,0.00027851410260211674,0.028163785840910966,0.0038992231559796435,0.725375407291644,0.008757267847431138,14.58314847946167,0.2834475040435791,0.005976200103759766,14.886212348937988,S3,Large (>=10K),10081,False,False,6.0,10081,False,0.5928181830929239,False,False,6.0,,,,11.8,,,6.0,,dt,,,0.00845603420588777,,,,,,,,,,,88,,,,,,,,88.0,,,0.01685214323630949,11.2,,,
rf,Brazilian_houses,0.9790240736256852,0.0218978728371752,0.9900735915957475,0.9790044349853755,0.03468744852525136,0.0033277708504433766,0.10431891107166866,0.055129144265792476,0.9807400349894324,0.001715961363747187,777.7093372344971,17.73047685623169,1.5051021575927734,797.0255920886993,S4,Large (>=10K),10692,False,False,8.0,10692,False,140.76900089719166,False,False,8.0,,,,13.2,,,8.0,,rf,309.2,,,,,,,,,,,,,18710,,0.7,309.2,18710.0,,,,,,,,,,,
tabpfn,physiochemical_protein,0.7680062051253775,0.0066251257516369445,0.7682627533626806,0.7679491169164347,1.7439764636886206,0.023037610303096655,2.9464162873305146,0.0518597602912617,0.9593271212359022,0.1913209161105247,0.3548576831817627,12.039291143417358,500.1678273677826,512.5912311077118,S3,Large (>=10K),45730,False,False,9.0,45730,False,10937.411488471082,False,False,9.0,,,,,,,9.0,,tabpfn,,,,,,,,,,,,,,foundation,,,,,,,,,,,,,,,
chebypoly,pmlb_529_pollen,0.7917387841657465,0.012575236241458143,0.7914652799864923,0.7914677333794252,1.1334006915439443,0.026876890703045525,1.43187550748063,0.018042530573866948,0.7945321408163999,0.002793356650653389,8.126047372817993,0.016788244247436523,0.013291120529174805,8.170700311660767,S3,Small (<1K),0,False,False,,3848,False,,False,False,,,,,,,,4.0,,chebypoly,,,,0.042458139512116494,,,,,0.042458139512116494,,,,,10.0,,,,,1.4,1.4,,,,Ridge,,,1.5,0.4,0.4
rf,friedman1,0.8829699976775054,0.009251272293401707,0.8803925482660118,0.8826029023126294,1.2823812431527557,0.06387144376122694,1.6164300792786928,0.08991886508147086,0.9272279647704973,0.0442579670929919,229.58236145973206,5.391043663024902,0.44606804847717285,235.4710340499878,S1,Medium (1K-10K),2000,False,False,5.0,2000,False,223.03402423858643,False,False,5.0,,,,17.8,,,5.0,,rf,407.2,,,,,,,,,,,,,44764,,sqrt,407.2,44764.0,,,,,,,,,,,
dt,nyc-taxi-green-dec-2016,0.517349901221034,0.008797864580120409,0.5165301732266748,0.5172533494771359,0.2622409149885556,0.005452484143997164,0.41435341978292994,0.004070301712911503,0.5242202646382996,0.006870363417265657,27.97921872138977,0.5505845546722412,0.021466732025146484,28.570371389389038,S4,Large (>=10K),581835,False,False,9.0,50000,False,0.03689487917561935,False,False,9.0,,,,17.4,,,8.0,,dt,,,0.005913059629799813,,,,,,,,,,,61,,,,,,,,61.0,,,0.022700657188007012,15.2,,,
chebytree,california_housing,0.7514483521936013,0.017149409974476476,0.7540616944809713,0.7513278642106617,0.3955270038486897,0.014635278330346406,0.5748699207806431,0.02036607348414714,0.788631872985671,0.03718352079206966,70.67113614082336,1.095902681350708,0.3913760185241699,72.18556308746338,S4,Large (>=10K),20640,False,False,8.0,20640,False,18.962016401364824,False,False,8.0,,,,8.8,,,8.0,,chebytree,,,0.02965748760871373,0.34570262080460024,,,,,0.34570262080460024,,,,,948.0,,,,,3.8,3.8,8.8,33.2,32.4,Ridge,,,,,
chebypoly,esol,0.8934835808244801,0.009275113219012024,0.8989666521279593,0.8926499394363381,0.5012542569117489,0.0177671322885569,0.6809684544431664,0.026439911099134152,0.9074835532140006,0.013999972389520554,4.784346103668213,0.015056848526000977,0.014844655990600586,4.822521924972534,S3,Medium (1K-10K),1128,False,False,7.0,1128,False,13.16015602003598,False,False,7.0,,,,,,,7.0,,chebypoly,,,,0.7357350917165963,,,,,0.7357350917165963,,,,,77.6,,,,,4.8,4.8,,,,Ridge,,,2.0,1.0,1.0
ebm,pmlb_4544_GeographicalOriginalofMusic,0.5996972177579066,0.09922984094771664,0.6008868893279526,0.5889456136452483,0.4486286583708319,0.07334943868953062,0.6248068402501301,0.09625782241180782,0.7268861366156615,0.12718891885775485,195.94177913665771,2.471985101699829,0.0013599395751953125,198.41796970367432,S2,Small (<1K),0,False,False,,1059,False,,False,False,,,0.015039273144060403,,,,,22.4,,ebm,,204.8,4.4,,,,,,,,,,,,,,,,,,,,,,,,,,
ebm,sulfur,0.7484059746917381,0.047004187076478424,0.7627831644451369,0.7482186318444684,0.012935511802230876,0.0003218324010445632,0.026533820627639194,0.0042995424309140865,0.7685897427193138,0.02018376802757571,158.64798641204834,3.822416305541992,0.009119749069213867,162.48873353004456,S3,Large (>=10K),10081,False,False,6.0,10081,False,0.90464726408232,False,False,6.0,,0.07545981143002747,,,,,6.0,,ebm,,256.0,4.8,,,,,,,,,,,,,,,,,,,,,,,,,,
ebm,MiamiHousing2016,0.8954927087641471,0.004202663465406339,0.8951506373122616,0.89537066023774,0.13051115009857286,0.0014920759171202815,0.18343715610661002,0.003424202792084254,0.9120386349144127,0.016545926150265622,604.8716833591461,11.481220006942749,0.023794889450073242,616.3868050575256,S4,Large (>=10K),13932,False,False,13.0,13932,False,1.707930623749156,False,False,13.0,,0.0917188695486828,,,,,13.0,,ebm,,256.0,5.2,,,,,,,,,,,,,,,,,,,,,,,,,,
chebypoly,pmlb_225_puma8NH,0.4319275291102908,0.024866830745229825,0.43604630633767116,0.4312331258442633,3.491110912378822,0.024815771411616856,4.234706975290942,0.05819957577957664,0.43825378955012584,0.00632626043983503,10.472569465637207,0.02408576011657715,0.017653703689575195,10.52742624282837,S1,Small (<1K),0,False,False,,8192,False,,False,False,,,,,,,,8.0,,chebypoly,,,,2.1204285516896784,,,,,2.1204285516896784,,,,,27.6,,,,,3.2,3.2,,,,Ridge,,,,0.0,0.0
tabpfn,Ailerons,0.7927710206142653,0.07071586335590362,0.7854795340466292,0.7925013571508182,0.00013226156797701324,2.2040268865937132e-05,0.0001832341835683945,3.224632274306047e-05,0.8229136304941067,0.03014260987984141,3.157827854156494,3.54805850982666,81.68569421768188,88.40786981582642,S1,Large (>=10K),13750,False,False,33.0,13750,False,5940.777761285955,False,False,33.0,,,,,,,15.6,,tabpfn,,,,,,,,,,,,,,foundation,,,,,,,,,,,,,,,
chebytree,synthetic_multithreshold,0.9316425551956901,0.00945466712684702,0.9288014557215142,0.9309509115720376,0.4031182507624912,0.033305575224294975,0.554194709396378,0.043939905362777254,0.9686993337280907,0.037056778532400636,39.9661009311676,0.26319217681884766,0.10797715187072754,40.353545904159546,S4,Small (<1K),750,False,False,6.0,750,False,143.96953582763672,False,False,6.0,,,,5.4,,,6.0,,chebytree,,,0.042800829392449086,0.04617907005280795,,,,,0.04617907005280795,,,,,157.6,,,,,2.6,2.6,5.4,12.8,17.6,Ridge,,,,,
chebytree,pmlb_218_house_8L,0.6570051741370635,0.01489327082462843,0.657407889120619,0.6568545577949665,16532.33573824042,233.339629695234,30918.198262700946,859.7955588979212,0.6916171692350159,0.03461199509795243,66.44079804420471,0.9365017414093018,0.30466485023498535,67.70458054542542,S4,Small (<1K),0,False,False,,22784,False,,False,False,,,,,9.2,,,8.0,,chebytree,,,0.03470013146419692,1.2598498639445013,,,,,1.2598498639445013,,,,,582.4,,,,,3.2,3.2,9.2,21.6,27.6,Ridge,,,,,
xgb,synthetic_step,0.9227478224676485,0.00919895638290552,0.9221849399505343,0.9223593765718225,0.47572226578512267,0.035947982701087296,0.6028169826770439,0.04552626398900973,0.9609336730721105,0.038185850604462,52.17832088470459,0.23739409446716309,0.014168262481689453,52.44467830657959,S4,Medium (1K-10K),2000,False,False,8.0,2000,False,7.084131240844727,False,False,8.0,0.15225002600346765,0.29458094097479304,10.446406876198031,6.2,0.892780174737237,0.8618751909677524,8.0,15.0,xgb,2000.0,,,,,,,,,,,,,,,,,,,,,,,,,,,,
dt,Ailerons,0.7186662283145475,0.05320105729706267,0.7315747440015916,0.7182849253379369,0.0001550662078085855,1.4048473477352945e-05,0.00021539392151261345,2.1073859419530258e-05,0.7408853322807896,0.02221910396624205,6.637217998504639,0.07449078559875488,0.003400087356567383,6.720725059509277,S1,Large (>=10K),13750,False,False,33.0,13750,False,0.2472790804776278,False,False,33.0,,,,13.0,,,15.6,,dt,,,0.007415387450608467,,,,,,,,,,,101,,,,,,,,101.0,,,0.018284491901053503,9.8,,,
chebytree,feynman_gaussian,0.9907851010900697,0.0006788179870945641,0.9906893365140073,0.9907822200836888,0.011430650643447737,0.0004627393705060656,0.03244438505384265,0.0017482292382503507,0.9934488968203572,0.0026637957302875215,47.69751024246216,0.9549400806427002,0.4035298824310303,49.083558559417725,S1,Medium (1K-10K),8000,False,False,2.0,8000,False,50.441235303878784,False,False,2.0,,,,10.0,,,2.0,,chebytree,,,0.011884754041335457,0.10431719714329502,,,,,0.10431719714329502,,,,,657.6,,,,,4.4,4.4,10.0,61.0,10.8,Ridge,,,,,
dt,elevators,0.5942283511524462,0.040805917808032235,0.595093507507255,0.5937388130494426,0.0027581681930675004,0.00013860492821420338,0.004271259893382518,0.00024754528991436487,0.6305710063578662,0.036342655205420016,19.143578052520752,0.26842737197875977,0.010809183120727539,19.438918113708496,S1,Large (>=10K),16599,False,False,16.0,16599,False,0.6511948382870979,False,False,16.0,,,,11.0,,,16.0,,dt,,,0.008919274006925751,,,,,,,,,,,85,,,,,,,,85.0,,,0.01749537039318288,10.2,,,
rf,fiat_500_price,0.8515227629844659,0.020263860084751697,0.8536148260824513,0.8506724896892515,559.9345662080171,28.53848589602551,743.7896772853908,46.99850774207739,0.9014172295617554,0.049894466577289465,59.0783109664917,1.1897501945495605,0.1508631706237793,60.43125796318054,S4,Medium (1K-10K),1538,False,False,7.0,1538,False,98.0904880518721,False,False,7.0,,,,15.4,,,7.0,,rf,330.4,,,,,,,,,,,,,33599,,0.5800000000000001,330.4,33599.0,,,,,,,,,,,
erbf,nyc-taxi-green-dec-2016,0.4589090783115469,0.010975327893311633,0.45764271711684346,0.45880083577263797,0.30970341781982863,0.003756828727467161,0.43869960624915094,0.002553170271326313,0.4655374570940147,0.006628378782467748,1943.1799731254578,41.46714448928833,0.4275486469268799,1985.0931532382965,S4,Large (>=10K),581835,False,False,9.0,50000,False,0.7348279957838217,False,False,9.0,,,,,,,8.0,,erbf,,,,0.23509826026356212,local_ridge,75.0,0.2,lipschitz,0.23509826026356212,local_ridge,68.0,544.0,0.2,1157.0,lipschitz,,,,,,,,,,,,,,
erbf,california_housing,0.7918151767467567,0.011912856357084058,0.789459974309491,0.791714256999679,0.3593812419645923,0.012434594307598565,0.5261998356981529,0.01498728859705332,0.8048899301562896,0.013074753409532902,768.8511936664581,18.119747161865234,0.19771194458007812,787.1837742328644,S4,Large (>=10K),20640,False,False,8.0,20640,False,9.579067082368125,False,False,8.0,,,,,,,8.0,,erbf,,,,0.23087923534835605,local_ridge,73.2,0.0,lipschitz,0.23087923534835605,local_ridge,73.2,585.6,0.0,1245.4,lipschitz,,,,,,,,,,,,,,
chebytree,Allstate_Claims_Severity,0.4871593140845345,0.010539592288860358,0.4859535276087661,0.4865174448438583,1285.074119865099,10.693842213870262,2056.9983123140432,37.63272482899938,0.5241127448284177,0.03695343074388324,146.99598240852356,1.009671926498413,0.3822133541107178,148.40627694129944,S4,Large (>=10K),188318,False,False,130.0,50000,False,2.029616680884025,False,False,130.0,,,,6.6,,,50.0,,chebytree,,,0.08377699412782963,79.15865082309286,,,,,79.15865082309286,,,,,1895.2,,,,,4.6,4.6,6.6,9.0,232.0,Ridge,,,,,
erbf,Brazilian_houses,0.9719430055391092,0.023096584433285557,0.98286601902646,0.9719167374598481,0.04764454963613714,0.018111340393377494,0.12472562683995392,0.05492127494260076,0.9902684450482893,0.018325439509180086,353.8838520050049,9.313918113708496,0.09260034561157227,363.30357933044434,S4,Large (>=10K),10692,False,False,8.0,10692,False,8.660713207217757,False,False,8.0,,,,,,,8.0,,erbf,,,,0.11797288985172785,local_ridge,69.5,0.2,kmeans,0.11797288985172785,local_ridge,63.6,508.8,0.2,1082.2,kmeans,,,,,,,,,,,,,,
xgb,Brazilian_houses,0.9872646145500406,0.016265220235757584,0.9936887451166284,0.9872526911483496,0.021879862513459282,0.006607681349428873,0.07752020204892497,0.05024932922210943,0.9954930290503791,0.00822841450033851,330.66700077056885,8.229315996170044,2.646007537841797,341.55633330345154,S4,Large (>=10K),10692,False,False,8.0,10692,False,247.47545247304495,False,False,8.0,299.48711614229444,0.24825510438629203,21.779855803080814,7.6,0.8039028109324591,0.9205532643443043,8.0,1122.8,xgb,2000.0,,,,,,,,,,,,,,,,,,,,,,,,,,,,
tabpfn,concrete_strength,0.9459952342899438,0.010603131301051921,0.9505200361232985,0.9454651261602744,2.306217553120215,0.09556851382679997,3.853486421968918,0.42277646384707535,0.9908821281589191,0.044886893868975264,0.07955288887023926,1.386427402496338,3.7850193977355957,5.268430233001709,S1,Medium (1K-10K),1030,False,False,8.0,1030,False,3674.7761143064035,False,False,8.0,,,,,,,8.0,,tabpfn,,,,,,,,,,,,,,foundation,,,,,,,,,,,,,,,
erbf,healthcare_insurance,0.8396557011704282,0.041196233711108,0.8605180345570936,0.8387510073797646,2818.7275783925106,215.4865630538939,4748.208591163,596.3320968409873,0.8625825428693495,0.02292684169892134,76.61129641532898,1.0034213066101074,0.006970405578613281,77.6312997341156,S4,Medium (1K-10K),1338,False,False,6.0,1338,False,5.2095706865570115,False,False,6.0,,,,,,,6.0,,erbf,,,,0.1318820675867877,local_ridge,43.333333333333336,0.4,kmeans,0.1318820675867877,local_ridge,42.0,252.0,0.4,547.0,kmeans,,,,,,,,,,,,,,
erbf,Ailerons,0.7581198318755329,0.06563496218621599,0.757164791254657,0.7577998310358695,0.00014666565222408426,1.7309206768653143e-05,0.00019893837314791893,2.7795349566973327e-05,0.754358686766213,-0.0037611451093199078,140.67960333824158,2.7977113723754883,0.04013776779174805,143.52523398399353,S1,Large (>=10K),13750,False,False,33.0,13750,False,2.9191103848544033,False,False,33.0,,,,,,,15.6,,erbf,,,,0.0010425866772714358,local_ridge,60.5,0.6,lipschitz,0.0010425866772714358,local_ridge,49.0,818.2,0.6,1686.4,lipschitz,,,,,,,,,,,,,,
ridge,Ailerons,0.7566301907320165,0.06524132879935403,0.7542024049547875,0.7563085567066599,0.00014744753998764147,1.7075241877121673e-05,0.0001995989062536691,2.7645656331228553e-05,0.7532788245207345,-0.0033513662112820697,3.9845480918884277,0.0037450790405273438,0.0008530616760253906,3.9942309856414795,S1,Large (>=10K),13750,False,False,33.0,13750,False,0.06204084916548295,False,False,33.0,,,,,,,15.6,,ridge,,,,18.02627372488951,,,,,18.02627372488951,,,,,16.6,,,,,,,,,,,,,,,
tabpfn,Brazilian_houses,0.9958371009736492,0.00620108877598566,0.9984452369899188,0.9958332035246815,0.002762337217609043,0.001504777221164773,0.038523572273440346,0.0364200963057437,0.9999433863382811,0.0041062853646318676,0.10221123695373535,3.6060502529144287,34.75834369659424,38.4851279258728,S4,Large (>=10K),10692,False,False,8.0,10692,False,3250.873896052585,False,False,8.0,,,,,,,8.0,,tabpfn,,,,,,,,,,,,,,foundation,,,,,,,,,,,,,,,
dt,friedman1,0.7520108920035297,0.019745477351598494,0.7614413070056596,0.7512330089797012,1.8677643290815698,0.08961024137753078,2.3520285184249827,0.10951387017291048,0.8689267548445674,0.11691586284103772,3.555962562561035,0.03199648857116699,0.002073049545288086,3.5978598594665527,S1,Medium (1K-10K),2000,False,False,5.0,2000,False,1.036524772644043,False,False,5.0,,,,13.6,,,5.0,,dt,,,0.006791295669145619,,,,,,,,,,,124,,,,,,,,124.0,,,0.01482542683732066,9.8,,,
erbf,student_performance,0.22038343145343173,0.08434327044861116,0.2335147517970615,0.18778655927719812,2.0388194589697095,0.0793576082784221,2.8001334602908994,0.27772642195571023,0.4192318978230024,0.19884846636957068,26.05562686920166,0.2703249454498291,0.0019292831420898438,26.330837965011597,S2,Small (<1K),649,True,True,30.0,649,False,2.97270129751902,False,False,30.0,,,,,,,20.8,,erbf,,,,98.72742039241106,local_ridge,52.5,0.6,kmeans,98.72742039241106,local_ridge,46.2,963.0,0.6,1973.2,kmeans,,,,,,,,,,,,,,
xgb,qsar_fish_toxicity,0.5554202837302322,0.07455136080340055,0.5729527080395255,0.5517084255284838,0.696685345164695,0.028486014500073494,0.9626308705728756,0.0479008046421126,0.817615346870791,0.26219506314055874,41.47889733314514,0.1165010929107666,0.009603023529052734,41.61976599693298,S3,Small (<1K),907,False,False,6.0,907,False,10.5876775403007,False,False,6.0,0.0015897579221310725,0.2901424818443471,5.844759517383534,6.8,0.84155167612266,0.8017442174473406,6.0,12.4,xgb,2000.0,,,,,,,,,,,,,,,,,,,,,,,,,,,,
rf,elevators,0.6898027663605975,0.020681294249949436,0.6824104460378786,0.6894285326032635,0.0024357185932530846,9.543856625203906e-05,0.0037379483520866173,0.00018440510549002848,0.7128335278411003,0.02303076148050287,1595.312166929245,47.145830154418945,2.0487873554229736,1644.5840377807617,S1,Large (>=10K),16599,False,False,16.0,16599,False,123.42836046888209,False,False,16.0,,,,15.0,,,16.0,,rf,337.6,,,,,,,,,,,,,18698,,0.7,337.6,18698.0,,,,,,,,,,,
xgb,friedman1_d100,0.25757311210894407,0.310646671038074,0.12945462310913392,0.24926499263311275,3.176196223613902,0.8881419192556536,3.93034516729924,1.098990256833893,0.3564817089653296,0.09890859685638553,24.522926330566406,0.06107807159423828,0.002389669418334961,24.591921091079712,S1,Medium (1K-10K),2000,False,False,100.0,2000,False,1.1948347091674805,False,False,100.0,0.4840038700156965,0.2789920507512485,35.0617822742952,4.8,0.837850955585427,0.810810530143747,18.4,11.2,xgb,2000.0,,,,,,,,,,,,,,,,,,,,,,,,,,,,
chebypoly,medical_charges,0.9798272404156727,0.0006003780436487366,0.9798087133807623,0.9798257273073929,0.050930629740807656,0.00027424065005912163,0.08008605629441962,0.0015625835897436172,0.9799597027165732,0.00013246230090047106,16.433480262756348,0.10725116729736328,0.08039164543151855,16.640055179595947,S4,Large (>=10K),163065,False,False,3.0,50000,False,0.49300368216060186,False,False,3.0,,,,,,,3.0,,chebypoly,,,,0.004592690722348641,,,,,0.004592690722348641,,,,,34.4,,,,,9.8,9.8,,,,Ridge,,,1.25,0.8,0.8
dt,pmlb_503_wind,0.7063409865479487,0.012962857006507393,0.7103184525663702,0.7055570290630563,2.7903370789290047,0.06059747446942169,3.6263080906119995,0.06400030146529177,0.7530506996640458,0.04670971311609706,12.972256183624268,0.17940211296081543,0.0065805912017822266,13.174424171447754,S3,Small (<1K),0,False,False,,6574,False,,False,False,,,,,13.0,,,14.0,,dt,,,0.00853617758534452,,,,,,,,,,,70,,,,,,,,70.0,,,0.024122090891604175,9.4,,,
ridge,feynman_wave_interference,0.8415195785998055,0.010642167698035625,0.8453810284064422,0.8414204508929093,0.7240789669332607,0.020494661100883802,1.20608698089559,0.05054807755837717,0.8417292643869378,0.00020968578713231878,5.127353191375732,0.006518363952636719,0.0022284984588623047,5.148684024810791,S1,Medium (1K-10K),8000,False,False,4.0,8000,False,0.2785623073577881,False,False,4.0,,,,,,,4.0,,ridge,,,,2.543534557056124,,,,,2.543534557056124,,,,,5.0,,,,,,,,,,,,,,,
erbf,wine_quality,0.38834254950587155,0.010958487248465522,0.38535495545826814,0.38704506582387693,0.5289609555378589,0.0056305988595865735,0.6826928217512791,0.005860768715953979,0.4467475360884058,0.058404986582534235,199.72323989868164,4.9595537185668945,0.0429532527923584,204.73540210723877,S2,Medium (1K-10K),6497,True,True,11.0,6497,False,6.611244080707772,False,False,11.0,,,,,,,11.0,,erbf,,,,7.89119813880947,local_variance,74.0,0.6,lipschitz,7.89119813880947,local_variance,53.6,589.6,0.6,1233.8,lipschitz,,,,,,,,,,,,,,
tabpfn,elevators,0.9291765390823323,0.0036484224067213694,0.9290316582293239,0.9290910951266522,0.001313232896522502,1.3823180656362304e-05,0.001784883353991834,2.9180829823737325e-05,0.9552091907335594,0.026032651651227035,0.22763466835021973,6.213690519332886,117.36158418655396,123.82516074180603,S1,Large (>=10K),16599,False,False,16.0,16599,False,7070.400878761006,False,False,16.0,,,,,,,16.0,,tabpfn,,,,,,,,,,,,,,foundation,,,,,,,,,,,,,,,
chebypoly,nyc-taxi-green-dec-2016,0.39334435016684477,0.010326533116647241,0.39638142138416677,0.39322299173123004,0.33613796691053494,0.002909662575569711,0.46455696752602293,0.005396859453723618,0.40476491402504033,0.011420563858195565,55.28653407096863,0.7405073642730713,0.46378111839294434,56.51420569419861,S4,Large (>=10K),581835,False,False,9.0,50000,False,0.7971007560441437,False,False,9.0,,,,,,,8.0,,chebypoly,,,,14.01870012132547,,,,,14.01870012132547,,,,,158.8,,,,,12.6,12.6,,,,Ridge,,,2.0,1.0,1.0
chebypoly,pmlb_1029_LEV,0.5536953582816905,0.0706525111222863,0.6051678655416397,0.551449800335938,0.4891364332030926,0.02750474520390965,0.6325594827739713,0.03543718389150455,0.5678661731127889,0.014170814831098388,6.792760372161865,0.0110321044921875,0.008421897888183594,6.824336767196655,S2,Small (<1K),0,True,True,,1000,False,,False,False,,,,,,,,4.0,,chebypoly,,,,0.9364817015292521,,,,,0.9364817015292521,,,,,6.0,,,,,1.0,1.0,,,,Ridge,,,,0.0,0.0
ebm,pmlb_225_puma8NH,0.43089136422613716,0.023694727160054413,0.43423738452716376,0.43019569442756583,3.4993774551484504,0.027709684780874155,4.238694524030356,0.053794280239542185,0.44350889103537544,0.012617526809238278,209.59656143188477,6.032188415527344,0.014620542526245117,215.65539598464966,S1,Small (<1K),0,False,False,,8192,False,,False,False,,,0.018314074778218403,,,,,8.0,,ebm,,204.8,3.6,,,,,,,,,,,,,,,,,,,,,,,,,,
erbf,lipophilicity,0.3894009326053703,0.010571871695734838,0.38892219255275196,0.38702861106438696,0.7302643887987147,0.01563696977515193,0.9392126926171013,0.015104295934567736,0.5037424366386495,0.1143415040332792,230.58733296394348,5.711496353149414,0.04955291748046875,236.36311268806458,S3,Medium (1K-10K),4200,False,False,16.0,4200,False,11.798313685825894,False,False,16.0,,,,,,,13.0,,erbf,,,,1.9573488279212348,local_ridge,64.8,0.0,kmeans,1.9573488279212348,local_ridge,64.8,842.4,0.0,1750.6,kmeans,,,,,,,,,,,,,,
chebypoly,synthetic_piecewise,0.9551861145077108,0.0051180477857555645,0.9576564757256391,0.9550455439760537,0.26937696931159955,0.009912955640247176,0.33984466266089813,0.012719872621439738,0.9595706702494462,0.004384555741735352,8.759479999542236,0.027248382568359375,0.02156686782836914,8.821017742156982,S4,Medium (1K-10K),2000,False,False,5.0,2000,False,10.78343391418457,False,False,5.0,,,,,,,5.0,,chebypoly,,,,0.1014330371306488,,,,,0.1014330371306488,,,,,77.0,,,,,11.8,11.8,,,,Ridge,,,1.6,1.0,1.0
dt,student_performance,0.16463864975330073,0.02670513154184678,0.17056329091005218,0.1296631540709362,2.1903000267958017,0.18913730662577116,2.915481373624556,0.3617995510690584,0.23831694485525876,0.07367829510195803,0.8503320217132568,0.0020084381103515625,0.000560760498046875,0.8559620380401611,S2,Small (<1K),649,True,True,30.0,649,False,0.8640377473757704,False,False,30.0,,,,5.6,,,20.8,,dt,,,0.07311549219028564,,,,,,,,,,,7,,,,,,,,7.0,,,0.040725912860656174,3.4,,,
ebm,healthcare_insurance,0.7385418688609952,0.043769869451058166,0.7222512134072314,0.737066615926271,4301.514895665298,177.0313876053386,6082.049007138058,374.2977515282194,0.761362444811961,0.02282057595096587,127.24977350234985,2.8042874336242676,0.002483367919921875,130.06861066818237,S4,Medium (1K-10K),1338,False,False,6.0,1338,False,1.8560298355170965,False,False,6.0,,0.028988458267811972,,,,,6.0,,ebm,,179.2,4.8,,,,,,,,,,,,,,,,,,,,,,,,,,
chebypoly,MiamiHousing2016,0.9092486090427361,0.002054628565630301,0.9087448523205947,0.9091426252804263,0.11901045696847298,0.0014218070319007754,0.17098713890272782,0.003225184269145172,0.9176318044291447,0.008383195386408637,33.18057465553284,0.49813270568847656,0.2557365894317627,33.950329542160034,S4,Large (>=10K),13932,False,False,13.0,13932,False,18.356057237421957,False,False,13.0,,,,,,,13.0,,chebypoly,,,,0.11455500738405715,,,,,0.11455500738405715,,,,,337.4,,,,,13.8,13.8,,,,Ridge,,,2.0,1.0,1.0
xgb,synthetic_multithreshold,0.9596834161776581,0.009256146849576432,0.9570580919595407,0.9592754912148687,0.31777694684405233,0.03954775968227936,0.4237709403093753,0.05333063866501726,0.9849207594107675,0.025237343233109444,47.58003544807434,0.1561260223388672,0.009474039077758789,47.758837938308716,S4,Small (<1K),750,False,False,6.0,750,False,12.632052103678385,False,False,6.0,0.15329475777786244,0.2945661346611034,17.569246669153166,6.2,0.9102465515884646,0.8660445988128167,6.0,26.6,xgb,2000.0,,,,,,,,,,,,,,,,,,,,,,,,,,,,
erbf,friedman1_d100,0.2522665151111799,0.294972766479516,0.1506634170035558,0.24386205512471043,3.2192696632382374,0.7885791238717538,3.976067820799076,0.9873431435529828,0.3195518695703917,0.0672853544592118,66.94015741348267,0.6261639595031738,0.008420944213867188,67.58132290840149,S1,Medium (1K-10K),2000,False,False,100.0,2000,False,4.210472106933594,False,False,100.0,,,,,,,18.4,,erbf,,,,173.2301742198469,local_ridge,66.0,0.8,lipschitz,173.2301742198469,local_ridge,46.0,852.4,0.8,1751.8,lipschitz,,,,,,,,,,,,,,
ebm,friedman1,0.9204816019275457,0.009878985032823884,0.9177028053025714,0.9202321715697275,1.0309129444396996,0.057731986043862496,1.3308456269883695,0.09874448469918902,0.9274800586703595,0.006998456742813852,72.7974042892456,1.6128277778625488,0.002482891082763672,74.42012286186218,S1,Medium (1K-10K),2000,False,False,5.0,2000,False,1.241445541381836,False,False,5.0,,0.03596643223401777,,,,,5.0,,ebm,,179.2,6.0,,,,,,,,,,,,,,,,,,,,,,,,,,
xgb,Allstate_Claims_Severity,0.4920512757786182,0.020409737635202894,0.5007779138637427,0.49141552929657684,1276.7372543091064,20.56750986044709,2046.5545104608482,35.926656058489485,0.6119952906202591,0.11994401484164097,260.9879412651062,0.8486626148223877,0.07731175422668457,261.93599796295166,S4,Large (>=10K),188318,False,False,130.0,50000,False,0.4105383140575227,False,False,130.0,4.5306051760166755,0.2855239613379573,25.012649906106383,7.8,0.8654023702810452,0.8175824471023759,50.0,24.4,xgb,2000.0,,,,,,,,,,,,,,,,,,,,,,,,,,,,
erbf,particulate-matter-ukair-2017,0.7400124678518339,0.02752955441426068,0.7542853084684448,0.7399539560291449,3.7240984345268315,0.04072893864134065,5.909969716462237,0.5521297955839346,0.7880038671966137,0.047991399344779806,3285.59841299057,68.77176475524902,0.26432061195373535,3354.669212579727,S3,Large (>=10K),394299,False,False,9.0,50000,False,0.6703557755757316,False,False,9.0,,,,,,,9.0,,erbf,,,,0.2561526607920567,local_variance,65.5,0.6,lipschitz,0.2561526607920567,local_variance,50.2,451.8,0.6,954.8,lipschitz,,,,,,,,,,,,,,
ebm,fiat_500_price,0.8508211289791705,0.020625535299454375,0.8532232502117866,0.8499668389219425,570.7142811834826,27.148821929781345,745.4604585844268,47.71521925161949,0.8739539303646774,0.023132801385506885,98.22326898574829,2.8905513286590576,0.002159595489501953,101.12369561195374,S4,Medium (1K-10K),1538,False,False,7.0,1538,False,1.404158315670971,False,False,7.0,,0.022215337472817422,,,,,7.0,,ebm,,230.4,4.0,,,,,,,,,,,,,,,,,,,,,,,,,,
ridge,pmlb_522_pm10,0.1379161113872324,0.06786954299661441,0.16020741148645212,0.122521756233433,0.6391266729752386,0.05610199936202653,0.8147688778257661,0.06572285511816411,0.17831692685509815,0.04040081546786575,8.383639812469482,0.007014036178588867,0.0021712779998779297,8.406041145324707,S3,Small (<1K),0,False,False,,500,False,,False,False,,,,,,,,7.0,,ridge,,,,19.560695397716707,,,,,19.560695397716707,,,,,8.0,,,,,,,,,,,,,,,
chebytree,student_performance,0.20971406475858964,0.04897637448564804,0.18749373816987047,0.17663325467922758,2.1205074845474514,0.12367349930202273,2.831319583028095,0.33538380247317456,0.3639693035136682,0.15425523875507854,4.343323230743408,0.010584592819213867,0.008281707763671875,4.365385055541992,S2,Small (<1K),649,True,True,30.0,649,False,12.760720745257126,False,False,30.0,,,,1.0,,,20.8,,chebytree,,,0.07858090105858988,142.20716045170295,,,,,142.20716045170295,,,,,212.8,,,,,5.0,5.0,1.0,2.0,106.4,Ridge,,,,,
rf,pmlb_218_house_8L,0.6216413229330969,0.006509255147499054,0.6233975412484429,0.6214751775635088,16958.514836851544,53.59354539160428,32491.86288598591,1080.5934589792755,0.6419611726850663,0.02031984975196932,2641.486569881439,77.76557350158691,2.4995999336242676,2721.8295192718506,S4,Small (<1K),0,False,False,,22784,False,,False,False,,,,,16.0,,,8.0,,rf,269.4,,,,,,,,,,,,,26510,,0.7,269.4,26510.0,,,,,,,,,,,
xgb,healthcare_insurance,0.8457153736772579,0.03665387166040478,0.859296079708183,0.8448448632678479,2803.7775040590077,248.36679084774445,4664.736695567464,552.7165285128665,0.8897608360890654,0.04404546241180751,43.976425647735596,0.07740664482116699,0.00943756103515625,44.07626748085022,S4,Medium (1K-10K),1338,False,False,6.0,1338,False,7.053483583823804,False,False,6.0,0.006549358151040019,0.2948250040715614,18.32808744390566,5.2,0.7741334815315322,0.8373979363231031,6.0,18.4,xgb,2000.0,,,,,,,,,,,,,,,,,,,,,,,,,,,,
dt,pmlb_522_pm10,0.1471269013340673,0.09751813444491113,0.09025262485593699,0.13189702457217561,0.6329692973933534,0.03809116164424392,0.8073786349476035,0.04001508308050326,0.39666565714001323,0.24953875580594592,7.945108890533447,0.012206077575683594,0.003178834915161133,7.977205514907837,S3,Small (<1K),0,False,False,,500,False,,False,False,,,,,5.8,,,7.0,,dt,,,0.06599313661934819,,,,,,,,,,,9,,,,,,,,9.0,,,0.05872726626237453,5.6,,,
ebm,pmlb_218_house_8L,0.6191629963576302,0.012841449442939041,0.6205731261217209,0.6189957626881603,18036.21083729019,130.08115547984798,32593.550199753947,1153.599949270981,0.6306938639760393,0.011530867618409157,243.57732677459717,8.933351755142212,0.030716896057128906,252.55427384376526,S4,Small (<1K),0,False,False,,22784,False,,False,False,,,0.029655797382789773,,,,,8.0,,ebm,,256.0,6.8,,,,,,,,,,,,,,,,,,,,,,,,,,
erbf,pmlb_4544_GeographicalOriginalofMusic,0.5744413703392037,0.11652422307416142,0.5801889369916383,0.5629774133873084,0.45250424996642113,0.08089960560983071,0.6432650058882682,0.10493466825323323,0.7576085575501985,0.1831671872109948,28.006584405899048,0.29550981521606445,0.0026259422302246094,28.30813717842102,S2,Small (<1K),0,False,False,,1059,False,,False,False,,,,,,,,22.4,,erbf,,,,1.595042227558027,local_ridge,16.0,0.4,kmeans,1.595042227558027,local_ridge,33.2,867.2,0.4,1768.6,kmeans,,,,,,,,,,,,,,
rf,feynman_wave_interference,0.8885496762887867,0.010892012016811616,0.8937483931125488,0.8884799653748156,0.5325243596637594,0.016970679820227045,1.0108952295512619,0.05692257136615911,0.901606669502877,0.013056993214090373,905.5727741718292,25.93834161758423,1.552781105041504,933.1716647148132,S1,Medium (1K-10K),8000,False,False,4.0,8000,False,194.097638130188,False,False,4.0,,,,15.8,,,4.0,,rf,415.8,,,,,,,,,,,,,31988,,0.5,415.8,31988.0,,,,,,,,,,,
ridge,MiamiHousing2016,0.7169849285525965,0.007541321219898777,0.7162943566402108,0.7166544102625478,0.22073236261512114,0.004405175274318012,0.3019344942683989,0.00539328537589884,0.7178723780529913,0.0008874495003947658,8.414952993392944,0.011897087097167969,0.004434823989868164,8.444681167602539,S4,Large (>=10K),13932,False,False,13.0,13932,False,0.3183192642742007,False,False,13.0,,,,,,,13.0,,ridge,,,,5.806617661718228,,,,,5.806617661718228,,,,,14.0,,,,,,,,,,,,,,,
ebm,food_delivery_time,0.33574195166802856,0.007328591745514536,0.3361512750781035,0.33557748972919044,6.025570568263715,0.03965561726499587,7.644874520512481,0.04560729733704648,0.38122009405762836,0.045478142389599796,863.0896348953247,16.329270362854004,0.06087017059326172,879.5060179233551,S2,Large (>=10K),45451,False,False,9.0,45451,False,1.339248214412482,False,False,9.0,,0.0935623187909793,,,,,9.0,,ebm,,256.0,4.8,,,,,,,,,,,,,,,,,,,,,,,,,,
erbf,pmlb_1030_ERA,0.3472139393111183,0.08777162529092677,0.32024793699707554,0.3439294811441302,1.2685478950865858,0.05540116607533614,1.583670824516422,0.07263880396727049,0.406576749918617,0.05936281060749865,48.3204071521759,0.9128901958465576,0.007681846618652344,49.252058029174805,S2,Small (<1K),0,True,True,,1000,False,,False,False,,,,,,,,4.0,,erbf,,,,31.873781962921917,local_ridge,56.0,0.6,kmeans,31.873781962921917,local_ridge,46.4,185.6,0.6,418.6,kmeans,,,,,,,,,,,,,,
chebytree,qm7,0.7689279970753178,0.031062855668093064,0.7469288485867924,0.7683346592003601,57.38437136895451,1.706341306134383,106.78518266619929,6.596191513676616,0.7925839721609873,0.023655975085669523,29.95480179786682,0.1568436622619629,0.08613204956054688,30.213109970092773,S3,Medium (1K-10K),6834,False,False,16.0,6834,False,12.603460573682597,False,False,16.0,,,,1.8,,,14.0,,chebytree,,,0.05598769974166097,0.18250091706913668,,,,,0.18250091706913668,,,,,271.2,,,,,5.0,5.0,1.8,4.0,72.0,Ridge,,,,,
erbf,pmlb_218_house_8L,0.6606857817899072,0.012895612315996027,0.6607219687086903,0.6605367816641771,17156.300352770053,229.22122251025544,30760.323752866134,1008.3779127964642,0.6764131998923113,0.015727418102404078,1159.173003911972,30.937602996826172,0.22701573371887207,1190.3535740375519,S4,Small (<1K),0,False,False,,22784,False,,False,False,,,,,,,,8.0,,erbf,,,,1.128647737902622,local_variance,77.6,0.0,kmeans,1.128647737902622,local_variance,77.6,620.8,0.0,1320.2,kmeans,,,,,,,,,,,,,,
rf,house_16H,0.48564013166020725,0.008976877963662961,0.48295652097037056,0.485188200394041,0.3258254669026789,0.0026406817429258504,0.6280065121887388,0.00782779434927475,0.5133670045360935,0.027726872875886266,6385.124957084656,268.3076503276825,4.5286338329315186,6658.065787315369,S4,Large (>=10K),22784,False,False,16.0,22784,False,198.76377426841287,False,False,16.0,,,,14.4,,,16.0,,rf,480.8,,,,,,,,,,,,,47640,,0.7,480.8,47640.0,,,,,,,,,,,
rf,superconduct,0.8568434804756002,0.005914138884343357,0.8565177562864827,0.8564214236707015,8.46418585535638,0.13245863441361816,12.952396385204594,0.2933765992304453,0.8664417507725617,0.009598270296961475,3668.8372015953064,127.98448133468628,0.8000226020812988,3797.6473228931427,S3,Large (>=10K),21263,False,False,79.0,21263,False,37.625104739749744,False,False,79.0,,,,17.6,,,50.0,,rf,293.0,,,,,,,,,,,,,22136,,0.7,293.0,22136.0,,,,,,,,,,,
chebypoly,synthetic_step,0.8449499266423757,0.0066803286821932465,0.8442212275518006,0.84417029082411,0.6723193073800414,0.01570409066080334,0.8547283098769445,0.026567043444693392,0.8660534696713047,0.021103543028929028,8.064722537994385,0.03552746772766113,0.027524471282958984,8.14028000831604,S4,Medium (1K-10K),2000,False,False,8.0,2000,False,13.762235641479492,False,False,8.0,,,,,,,8.0,,chebypoly,,,,5.316633991381106,,,,,5.316633991381106,,,,,142.0,,,,,14.0,14.0,,,,Ridge,,,1.25,0.8,0.8
chebytree,pmlb_547_no2,0.5511497506277416,0.048562697924228106,0.5502064982558426,0.543134567603237,0.38608716392951803,0.0341285218947355,0.49707907311215366,0.03605612765457224,0.6332634815561502,0.08211373092840857,25.94814419746399,0.04927659034729004,0.02382969856262207,26.03444504737854,S3,Small (<1K),0,False,False,,500,False,,False,False,,,,,1.0,,,7.0,,chebytree,,,0.03984176339887073,0.10449291433817758,,,,,0.10449291433817758,,,,,34.8,,,,,2.2,2.2,1.0,2.0,17.4,Ridge,,,,,
ebm,feynman_wave_interference,0.8456937218460858,0.010668629857566005,0.8503940367392339,0.8455972050184682,0.750497080381475,0.019196620809908107,1.1900762824637565,0.05140510728109122,0.8503855641082687,0.004691842262182888,128.54901218414307,3.1022093296051025,0.007708072662353516,131.67135500907898,S1,Medium (1K-10K),8000,False,False,4.0,8000,False,0.9635090827941895,False,False,4.0,,0.043969073249771416,,,,,4.0,,ebm,,179.2,4.8,,,,,,,,,,,,,,,,,,,,,,,,,,
ridge,pmlb_529_pollen,0.7924078183526304,0.013212849536105287,0.7928790749652971,0.7921376381566123,1.1315897949682514,0.02677249204768875,1.429460108899167,0.019861043055049127,0.7940918885713097,0.0016840702186793344,3.938441753387451,0.005175352096557617,0.0017800331115722656,3.9553914070129395,S3,Small (<1K),0,False,False,,3848,False,,False,False,,,,,,,,4.0,,ridge,,,,0.3038139646707168,,,,,0.3038139646707168,,,,,5.0,,,,,,,,,,,,,,,
tabpfn,california_housing,0.8745917125331951,0.0062731685884467835,0.8757054861723698,0.8745309195682957,0.24798697203256084,0.0032081056026804157,0.4084209144276502,0.009206341163878577,0.9522664516399629,0.07767473910676781,0.1606001853942871,5.309677362442017,105.86190152168274,111.3533308506012,S4,Large (>=10K),20640,False,False,8.0,20640,False,5128.968096980752,False,False,8.0,,,,,,,8.0,,tabpfn,,,,,,,,,,,,,,foundation,,,,,,,,,,,,,,,
ebm,synthetic_multithreshold,0.9634148274462323,0.00782189987085338,0.9614399372071947,0.9630446570662616,0.30514242650031237,0.01946582381134098,0.40331520459410547,0.03856161028292733,0.9844670257428418,0.021052198296609537,233.15256452560425,5.210583686828613,0.002337932586669922,238.37382698059082,S4,Small (<1K),750,False,False,6.0,750,False,3.1172434488932295,False,False,6.0,,0.0183234324087349,,,,,6.0,,ebm,,256.0,8.8,,,,,,,,,,,,,,,,,,,,,,,,,,
tabpfn,house_16H,0.5833945193915855,0.05888604513616588,0.5790007998667449,0.5830284780207016,0.2540724641962274,0.005709944528856285,0.5640696249874967,0.043470306514945156,0.8926309785117563,0.30923645912017084,0.28052186965942383,7.85522198677063,201.71037936210632,209.86675333976746,S4,Large (>=10K),22784,False,False,16.0,22784,False,8853.15920655312,False,False,16.0,,,,,,,16.0,,tabpfn,,,,,,,,,,,,,,foundation,,,,,,,,,,,,,,,
ridge,pmlb_503_wind,0.7583425342540757,0.014940994802861231,0.7602028485876942,0.7576974014343365,2.5206179394606125,0.0669344922507175,3.2888667877505613,0.09243508473760224,0.7601721083363266,0.0018295740822509288,4.751312494277954,0.0063288211822509766,0.002029895782470703,4.768697500228882,S3,Small (<1K),0,False,False,,6574,False,,False,False,,,,,,,,14.0,,ridge,,,,7.136479961777513,,,,,7.136479961777513,,,,,15.0,,,,,,,,,,,,,,,
ridge,particulate-matter-ukair-2017,0.7334499410319126,0.028235587441344193,0.7488375898163102,0.7333899522714546,3.7567946641526064,0.04775313560897918,5.984523912259769,0.5633703954601298,0.7720906913244556,0.03864075029254299,131.65400624275208,0.03782820701599121,0.010855436325073242,131.74022769927979,S3,Large (>=10K),394299,False,False,9.0,50000,False,0.027530976048818896,False,False,9.0,,,,,,,9.0,,ridge,,,,0.0010371812649132212,,,,,0.0010371812649132212,,,,,10.0,,,,,,,,,,,,,,,
ebm,Allstate_Claims_Severity,0.45735763771196575,0.011998410256739091,0.4567255717088059,0.4566784688187669,1346.2046392809748,14.232774572124216,2115.9727375567863,42.96695089747264,0.4779051436377838,0.020547505925818055,1844.6568489074707,59.27374792098999,0.04276108741760254,1903.9849452972412,S4,Large (>=10K),188318,False,False,130.0,50000,False,0.22706850868001222,False,False,130.0,,0.051131019860565376,,,,,50.0,,ebm,,204.8,4.0,,,,,,,,,,,,,,,,,,,,,,,,,,
xgb,pmlb_529_pollen,0.7404864731419044,0.02695137953912989,0.7478430767127202,0.7401487165814048,1.2575632226056654,0.04674584527318828,1.5964184271316086,0.05273007635679329,0.8407246298963621,0.10023815675445769,68.44872260093689,0.2805767059326172,0.03404092788696289,68.78031182289124,S3,Small (<1K),0,False,False,,3848,False,,False,False,,3.522022326164131,0.2803598677298339,17.654755205796697,6.0,0.7951670924132792,0.8797763638045832,4.0,38.4,xgb,2000.0,,,,,,,,,,,,,,,,,,,,,,,,,,,,
ridge,analcatdata_supreme,0.4302212893383047,0.020483426221980624,0.44514666733608,0.4293408039913683,0.30651738513032173,0.006107190654936697,0.41331509774791264,0.016396725259493556,0.43622945705151467,0.006008167713209944,4.237640619277954,0.00530552864074707,0.0019426345825195312,4.256432294845581,S2,Medium (1K-10K),4052,False,True,7.0,4052,False,0.4794261062486504,False,False,7.0,,,,,,,5.0,,ridge,,,,13.856242531799557,,,,,13.856242531799557,,,,,6.0,,,,,,,,,,,,,,,
erbf,pmlb_1028_SWD,0.41270315273220676,0.050630819607221454,0.4231202761447306,0.4052595931977607,0.5024657907888358,0.035690099619220525,0.6205351971493791,0.033621962956459056,0.4542642341561839,0.04156108142397713,45.1821551322937,0.6103899478912354,0.007871389389038086,45.811596632003784,S2,Small (<1K),0,True,True,,1000,False,,False,False,,,,,,,,10.0,,erbf,,,,48.785162274671045,local_ridge,33.0,0.2,lipschitz,48.785162274671045,local_ridge,34.4,344.0,0.2,723.4,lipschitz,,,,,,,,,,,,,,
ridge,diabetes,0.4795412782856353,0.08491208766871795,0.4597659751259653,0.4643510603807385,44.452170821409524,2.542399146404915,54.79546428197257,2.6842682056686793,0.5170169567823504,0.03747567849671507,6.599440574645996,0.005883693695068359,0.0019757747650146484,6.6195759773254395,S3,Small (<1K),442,False,False,10.0,442,False,4.470078653879295,False,False,10.0,,,,,,,10.0,,ridge,,,,18.088785332215394,,,,,18.088785332215394,,,,,11.0,,,,,,,,,,,,,,,
ebm,physiochemical_protein,0.37789909854493714,0.00234338421778432,0.37841457002402856,0.37774601416496517,3.856317567641579,0.02421339786098432,4.825194201047067,0.02942036007704617,0.4000381238411075,0.022139025296170345,727.037023305893,12.878610849380493,0.06248736381530762,739.9907448291779,S3,Large (>=10K),45730,False,False,9.0,45730,False,1.3664413692391781,False,False,9.0,,0.09559869290464176,,,,,9.0,,ebm,,256.0,4.8,,,,,,,,,,,,,,,,,,,,,,,,,,
ridge,qm7,0.7462601394985928,0.027538712592017633,0.737906324315373,0.7456085944752125,58.89217648545607,2.086503171947549,112.00311600594084,5.519196087315777,0.7498803726579185,0.003620233159325692,6.131842374801636,0.00716090202331543,0.00240325927734375,6.15211033821106,S3,Medium (1K-10K),6834,False,False,16.0,6834,False,0.3516621711067823,False,False,16.0,,,,,,,14.0,,ridge,,,,1.268626726212649,,,,,1.268626726212649,,,,,15.0,,,,,,,,,,,,,,,
erbf,diabetes,0.44765710026707256,0.09351943878958648,0.5092989124846515,0.43153777149658656,45.44152893831894,4.041094832678056,56.55136171161921,4.3596568236191855,0.5881644612938998,0.1405073610268272,65.04591131210327,0.6639995574951172,0.006036043167114258,65.72760653495789,S3,Small (<1K),442,False,False,10.0,442,False,13.656206260439497,False,False,10.0,,,,,,,10.0,,erbf,,,,7.753889123793705,local_ridge,41.0,0.4,lipschitz,7.753889123793705,local_ridge,38.6,386.0,0.4,811.6,lipschitz,,,,,,,,,,,,,,
ebm,pmlb_503_wind,0.7840947498768164,0.011353044625567056,0.786553679250226,0.783518365523036,2.379218266324906,0.054688850543112635,3.109070395482135,0.06912876585515591,0.8014668231455883,0.01737207326877188,222.30976843833923,5.288454532623291,0.013309478759765625,227.61986804008484,S3,Small (<1K),0,False,False,,6574,False,,False,False,,,0.06404677260083559,,,,,14.0,,ebm,,256.0,6.4,,,,,,,,,,,,,,,,,,,,,,,,,,
chebypoly,house_16H,0.5084392557619979,0.0272788431635676,0.5177739448486672,0.5080073561629368,0.33680761055455094,0.005601371455658559,0.6136589703765263,0.015675565310555573,0.5820358869717974,0.07359663120979953,51.581199407577515,0.8134472370147705,0.5406625270843506,52.949530601501465,S4,Large (>=10K),22784,False,False,16.0,22784,False,23.729921308126343,False,False,16.0,,,,,,,16.0,,chebypoly,,,,26.46578713470339,,,,,26.46578713470339,,,,,403.6,,,,,12.6,12.6,,,,Ridge,,,2.0,1.0,1.0
chebytree,analcatdata_supreme,0.9779779014669071,0.009628785967217505,0.9817144187683282,0.9779438694893914,0.020276611841741104,0.001607762831794362,0.079453048020703,0.016594001841673207,0.9789644752919102,0.000986573825003112,21.264554500579834,0.12096786499023438,0.0599370002746582,21.45911455154419,S2,Medium (1K-10K),4052,False,True,7.0,4052,False,14.791954658109132,False,False,7.0,,,,5.0,,,5.0,,chebytree,,,0.06385875600137136,0.027306642011365557,,,,,0.027306642011365557,,,,,124.0,,,,,4.2,4.2,5.0,6.0,23.0,Ridge,,,,,
tabpfn,abalone,0.5869880393131437,0.02848434841953216,0.6037188456499281,0.5861207790989014,1.4441049958070507,0.05738128147932548,2.06063660333546,0.0932525263099541,0.6390832875819669,0.05209524826882317,0.04750180244445801,1.1260015964508057,7.497215270996094,8.684220552444458,S3,Medium (1K-10K),4177,False,True,7.0,4177,False,1794.8803617419424,False,False,7.0,,,,,,,7.0,,tabpfn,,,,,,,,,,,,,,foundation,,,,,,,,,,,,,,,
tabpfn,feynman_gaussian,0.9994180995422688,0.00012151484089616935,0.9994460425708168,0.9994179176130963,0.0018497263895674641,0.00026630431436887645,0.008147814165813987,0.0011653339838156565,0.9994272582829484,9.158740679637845e-06,0.0814657211303711,2.433521032333374,13.735033988952637,16.271494150161743,S1,Medium (1K-10K),8000,False,False,2.0,8000,False,1716.8792486190796,False,False,2.0,,,,,,,2.0,,tabpfn,,,,,,,,,,,,,,foundation,,,,,,,,,,,,,,,
ridge,friedman1,0.7416597863645437,0.010554005063699518,0.7400717137637571,0.7408494343769794,1.8781468049017036,0.06182548178305544,2.4020390782123826,0.078907165443846,0.7438442716754127,0.002184485310869011,2.433058977127075,0.0028896331787109375,0.0010673999786376953,2.444016218185425,S1,Medium (1K-10K),2000,False,False,5.0,2000,False,0.5336999893188477,False,False,5.0,,,,,,,5.0,,ridge,,,,2.812106330998664,,,,,2.812106330998664,,,,,6.0,,,,,,,,,,,,,,,
chebytree,fiat_500_price,0.8449580187859466,0.018222312707558256,0.8497289958009782,0.8440701601781064,586.1821613469878,16.587581847812068,760.0938297440338,31.045490035247177,0.8546326332253035,0.00967461443935691,6.2318549156188965,0.01118922233581543,0.00414276123046875,6.249742031097412,S4,Medium (1K-10K),1538,False,False,7.0,1538,False,2.6936028806688883,False,False,7.0,,,,1.0,,,7.0,,chebytree,,,0.052626648980916256,0.03223346383428451,,,,,0.03223346383428451,,,,,29.2,,,,,1.8,1.8,1.0,2.0,14.6,Ridge,,,,,
chebypoly,california_housing,0.7300950928962384,0.014215971439288034,0.7302824693073273,0.7299642536999208,0.420867893744804,0.010998169499931296,0.5991860619527097,0.016188334595412596,0.7393400281591813,0.0092449352629429,19.549903631210327,0.22530174255371094,0.1495208740234375,19.940487384796143,S4,Large (>=10K),20640,False,False,8.0,20640,False,7.244228392608406,False,False,8.0,,,,,,,8.0,,chebypoly,,,,1.3674393013114126,,,,,1.3674393013114126,,,,,147.6,,,,,14.0,14.0,,,,Ridge,,,1.2,1.0,1.0
erbf,freesolv,0.8880950357934114,0.026469892389541824,0.897540998642282,0.8851836211408344,0.8304297631902641,0.03494785725737831,1.2641806324458402,0.131091253423242,0.9558397898060214,0.06774475401260993,86.31222534179688,0.7995867729187012,0.008718729019165039,87.13325309753418,S3,Small (<1K),642,False,False,16.0,642,False,13.580574796207225,False,False,16.0,,,,,,,13.0,,erbf,,,,0.6519336224777462,local_ridge,40.75,0.2,kmeans,0.6519336224777462,local_ridge,40.6,527.8,0.2,1097.2,kmeans,,,,,,,,,,,,,,
ridge,wine_quality,0.28830358308715914,0.015696551454527127,0.29117728735033144,0.28679388870253375,0.5696601434339036,0.004031416831925201,0.7363581613194012,0.0030648419400760504,0.29243163882221557,0.004128055735056424,4.937341690063477,0.007029294967651367,0.002341032028198242,4.958889484405518,S2,Medium (1K-10K),6497,True,True,11.0,6497,False,0.36032507745086073,False,False,11.0,,,,,,,11.0,,ridge,,,,29.324276903828228,,,,,29.324276903828228,,,,,12.0,,,,,,,,,,,,,,,
rf,pmlb_4544_GeographicalOriginalofMusic,0.6115260837388306,0.09075011883341491,0.6244617244381667,0.6010102787576271,0.44163956291978124,0.0703702113911647,0.6167329667370284,0.09215058099239072,0.8402806501920693,0.22875456645323877,220.01843905448914,2.892580986022949,0.12024617195129395,223.0480020046234,S2,Small (<1K),0,False,False,,1059,False,,False,False,,,,,10.4,,,22.4,,rf,307.8,,,,,,,,,,,,,10736,,0.54,307.8,10736.0,,,,,,,,,,,
ridge,freesolv,0.8277590357709567,0.025183218512620967,0.830560848929656,0.8232776809763062,1.2243147914186387,0.06598750605464743,1.5779601085995363,0.11523559168938502,0.8411828135586301,0.013423777787673452,6.590450048446655,0.005609989166259766,0.0019049644470214844,6.608358860015869,S3,Small (<1K),642,False,False,16.0,642,False,2.96723434115496,False,False,16.0,,,,,,,13.0,,ridge,,,,1.1913505434807115,,,,,1.1913505434807115,,,,,14.0,,,,,,,,,,,,,,,
tabpfn,cpu_act,0.9883417015768821,0.0017085260453701095,0.9877606425871379,0.9883042182085987,1.3872550913373085,0.024055165317107947,1.9693099978895219,0.05418155397569168,0.9946499954463702,0.0063082938694881685,0.1336665153503418,3.139986515045166,45.76945161819458,49.05784630775452,S1,Medium (1K-10K),8192,False,False,21.0,8192,False,5587.091261986643,False,False,21.0,,,,,,,21.0,,tabpfn,,,,,,,,,,,,,,foundation,,,,,,,,,,,,,,,
chebytree,food_delivery_time,0.33498041987357763,0.01179585455009368,0.3293262324791274,0.3348157693911119,6.005557180355487,0.05403527325923217,7.649083008070534,0.07214177397150234,0.3755864803359077,0.04060606046233006,70.94496130943298,0.2834193706512451,0.14090442657470703,71.40123915672302,S2,Large (>=10K),45451,False,False,9.0,45451,False,3.1001391955008035,False,False,9.0,,,,1.0,,,9.0,,chebytree,,,0.07040185367008925,0.05441936715704896,,,,,0.05441936715704896,,,,,104.8,,,,,5.6,5.6,1.0,2.0,52.4,Ridge,,,,,
dt,pmlb_225_puma8NH,0.6491900297076064,0.015484528428669304,0.6480732375576641,0.6487612053636461,2.5461664499874073,0.03410655170846816,3.327917320962313,0.05819816603439172,0.6870149938802366,0.03782496417263015,14.42565369606018,0.26839256286621094,0.006653785705566406,14.714736223220825,S1,Small (<1K),0,False,False,,8192,False,,False,False,,,,,12.2,,,8.0,,dt,,,0.01047809485307102,,,,,,,,,,,64,,,,,,,,64.0,,,0.015339881253410247,11.6,,,
rf,pmlb_522_pm10,0.37659294965041623,0.08397821100077715,0.39625171098729006,0.3654606808941737,0.5429560427871192,0.048993009756064756,0.6909039504745917,0.05544607415640482,0.8431080998693397,0.4665151502189234,295.9933831691742,3.616234064102173,0.4013805389404297,300.0947160720825,S3,Small (<1K),0,False,False,,500,False,,False,False,,,,,17.8,,,7.0,,rf,303.2,,,,,,,,,,,,,35019,,0.7,303.2,35019.0,,,,,,,,,,,
dt,medical_charges,0.9778175657162744,0.0008340926887305579,0.9782126961163107,0.977815901867318,0.053986059650434036,0.00032486349008889123,0.08397284831161167,0.0017905807714753278,0.9785753195500986,0.0007577538338241485,25.534741640090942,0.5384964942932129,0.019762039184570312,26.113877534866333,S4,Large (>=10K),163065,False,False,3.0,50000,False,0.1211911764300758,False,False,3.0,,,,12.6,,,3.0,,dt,,,0.007039446221992994,,,,,,,,,,,100,,,,,,,,100.0,,,0.014430249656127488,8.4,,,
chebypoly,power_grid_stability,0.8947502152440565,0.00412314261584327,0.8949430326007987,0.894592083603006,0.009049847385694872,0.0002044960646292359,0.011971501981993418,0.0002912925522416318,0.8996261337107688,0.0048759184667123145,16.722307682037354,0.15258383750915527,0.11618494987487793,17.00410771369934,S4,Large (>=10K),10000,False,False,12.0,10000,False,11.618494987487793,False,False,12.0,,,,,,,12.0,,chebypoly,,,,2.214674940866673,,,,,2.214674940866673,,,,,186.8,,,,,4.4,4.4,,,,Ridge,,,2.0,1.0,1.0
erbf,food_delivery_time,0.2526153759266637,0.009719451374696006,0.25356698740739114,0.2524303328956764,6.369665829745227,0.03460835203043534,8.108994931599593,0.042484034926679175,0.29437336842719597,0.04175799250053225,1849.1224286556244,34.9561767578125,0.14060163497924805,1884.2381439208984,S2,Large (>=10K),45451,False,False,9.0,45451,False,3.093477260769797,False,False,9.0,,,,,,,9.0,,erbf,,,,80.99319587906935,local_ridge,65.33333333333333,0.4,lipschitz,80.99319587906935,local_ridge,55.2,496.8,0.4,1049.8,lipschitz,,,,,,,,,,,,,,
chebytree,superconduct,0.8881178849082788,0.014858302853306063,0.889008956052284,0.8877880313361803,6.886508231143412,0.5655415424430326,11.428711502875123,0.7857595554759579,0.9196163607949128,0.031498475886634014,88.90675520896912,1.4113519191741943,0.39475011825561523,90.7331109046936,S3,Large (>=10K),21263,False,False,79.0,21263,False,18.565118668843304,False,False,79.0,,,,9.4,,,50.0,,chebytree,,,0.02402641442378132,24.49351356817827,,,,,24.49351356817827,,,,,10524.8,,,,,5.0,5.0,9.4,61.0,252.0,Ridge,,,,,
ridge,student_performance,0.22103434252581605,0.05010024129831961,0.1943150583439024,0.18844004976691836,2.059504731966313,0.14436009471996578,2.809377785166807,0.3220118345706012,0.30591460235095885,0.0848802598251428,0.6819026470184326,0.001321554183959961,0.0003654956817626953,0.6861538887023926,S2,Small (<1K),649,True,True,30.0,649,False,0.5631674603431361,False,False,30.0,,,,,,,20.8,,ridge,,,,94.4697639126587,,,,,94.4697639126587,,,,,21.8,,,,,,,,,,,,,,,
tabpfn,pmlb_503_wind,0.8157773814434103,0.011041403463044113,0.8181812704780378,0.8152855778008001,2.188641214511372,0.051616968407812415,2.871565449842655,0.07375251661320786,0.8827282448749842,0.06695086343157397,0.11016249656677246,2.946246385574341,23.272805213928223,26.34846329689026,S3,Small (<1K),0,False,False,,6574,False,,False,False,,,,,,,,14.0,,tabpfn,,,,,,,,,,,,,,foundation,,,,,,,,,,,,,,,
chebytree,power_grid_stability,0.8965186299077427,0.007337847974467494,0.8984360786644564,0.8963631552062145,0.008772635679832467,0.0003113681926953889,0.011864053801826124,0.000422198889206317,0.9218626560060004,0.0253440260982577,67.04980325698853,1.1862752437591553,0.436373233795166,68.70040559768677,S4,Large (>=10K),10000,False,False,12.0,10000,False,43.6373233795166,False,False,12.0,,,,8.2,,,12.0,,chebytree,,,0.019426098718474744,1.0926769631541846,,,,,1.0926769631541846,,,,,1065.2,,,,,2.2,2.2,8.2,38.2,28.4,Ridge,,,,,
ridge,qsar_fish_toxicity,0.5600410491135975,0.06864400348705374,0.5958086637937698,0.5563678328010324,0.7009159983872607,0.02153286682423712,0.9587805651367957,0.058979572508298585,0.577902435041848,0.017861385928250484,5.88878607749939,0.005236148834228516,0.001842498779296875,5.9067676067352295,S3,Small (<1K),907,False,False,6.0,907,False,2.0314209253548787,False,False,6.0,,,,,,,6.0,,ridge,,,,24.43905844704925,,,,,24.43905844704925,,,,,7.0,,,,,,,,,,,,,,,
rf,pmlb_547_no2,0.6062577418269303,0.05174815993697174,0.5736221490367623,0.5992266300738398,0.3636456448122982,0.024022622415292218,0.4647735275409195,0.033248689827288944,0.9002889237173379,0.29403118189040767,353.3820734024048,4.7963337898254395,0.492847204208374,358.7678167819977,S3,Small (<1K),0,False,False,,500,False,,False,False,,,,,13.2,,,7.0,,rf,422.8,,,,,,,,,,,,,44886,,0.7,422.8,44886.0,,,,,,,,,,,
erbf,analcatdata_supreme,0.9767899266693718,0.010673994327525508,0.9804231362566221,0.976754058837189,0.025796924356514088,0.004895993886285483,0.08136948190818898,0.017753566067615786,0.9781553442745403,0.0013654176051685063,94.60449266433716,1.517991542816162,0.030843496322631836,96.16711115837097,S2,Medium (1K-10K),4052,False,True,7.0,4052,False,7.611919131942703,False,False,7.0,,,,,,,5.0,,erbf,,,,0.06174293326074722,local_ridge,73.33333333333333,0.4,lipschitz,0.06174293326074722,local_ridge,60.0,300.0,0.4,661.0,lipschitz,,,,,,,,,,,,,,
rf,diamonds,0.9440740370287978,0.0006076232735618883,0.9437606665888926,0.9440656466660388,0.18776405187431705,0.0011140563971317745,0.23955792675753856,0.0010073634660642014,0.9451380849977605,0.0010640479689627558,2074.4315960407257,65.71127581596375,5.995248317718506,2146.234126329422,S4,Large (>=10K),53940,False,False,6.0,50000,False,111.14661323171127,False,False,6.0,,,,16.4,,,6.0,,rf,347.4,,,,,,,,,,,,,24315,,0.7,347.4,24315.0,,,,,,,,,,,
chebypoly,elevators,0.8905387531440969,0.0051624229045437444,0.8887042439530088,0.8904066951515569,0.001662727912625686,2.5405460877757228e-05,0.0022196782536434566,5.795883469995317e-05,0.8974957992397874,0.006957046095690478,38.157161235809326,0.5318639278411865,0.326617956161499,39.03368067741394,S1,Large (>=10K),16599,False,False,16.0,16599,False,19.676965851045185,False,False,16.0,,,,,,,16.0,,chebypoly,,,,0.059107742425896226,,,,,0.059107742425896226,,,,,322.8,,,,,8.8,8.8,,,,Ridge,,,1.8,1.0,1.0
ebm,pmlb_522_pm10,0.38789367500511035,0.11657026106647743,0.4539212522350454,0.3769632049159159,0.5348149676904784,0.051718562386466764,0.6824665163720895,0.061689734798441295,0.6086643836449139,0.22077070863980358,149.80555200576782,2.310255289077759,0.0017497539520263672,152.1250078678131,S3,Small (<1K),0,False,False,,500,False,,False,False,,,0.037836760511143916,,,,,7.0,,ebm,,179.2,4.4,,,,,,,,,,,,,,,,,,,,,,,,,,
erbf,airfoil_noise,0.9211284839848404,0.010983921081627677,0.9226123657985503,0.9207988800370241,1.3648613621900862,0.10424932690417837,1.9310542272590254,0.16753494603812927,0.9497328616236123,0.028604377638771883,61.95562696456909,1.0589282512664795,0.015662670135498047,63.04220128059387,S1,Medium (1K-10K),1503,False,False,5.0,1503,False,10.420938213904224,False,False,5.0,,,,,,,5.0,,erbf,,,,0.014144150334519778,local_ridge,74.5,0.2,lipschitz,0.014144150334519778,local_ridge,67.6,338.0,0.2,744.6,lipschitz,,,,,,,,,,,,,,
tabpfn,Bike_Sharing_Demand,0.7176785518677715,0.010119699461846335,0.7165257900089961,0.7175566531224667,63.5416045830774,0.9073274031142026,96.30376693782685,0.8738250766244088,0.7835979338811419,0.06591938201337033,0.11453485488891602,4.179854393005371,68.05850005149841,72.37314558029175,S2,Large (>=10K),17379,False,True,6.0,17379,False,3916.1344180619376,False,False,6.0,,,,,,,6.0,,tabpfn,,,,,,,,,,,,,,foundation,,,,,,,,,,,,,,,
chebytree,feynman_wave_interference,0.8833385363588041,0.007811690396386141,0.8809536390975804,0.8832655659358855,0.553574772630017,0.016661929519662205,1.0348533747023219,0.045401217857990415,0.8882750519892884,0.004936515630484251,31.910273551940918,0.24454402923583984,0.0881814956665039,32.25966429710388,S1,Medium (1K-10K),8000,False,False,4.0,8000,False,11.022686958312988,False,False,4.0,,,,8.6,,,4.0,,chebytree,,,0.08198942548242169,0.2617444730520021,,,,,0.2617444730520021,,,,,82.8,,,,,2.0,2.0,8.6,8.6,10.0,Ridge,,,,,
erbf,physiochemical_protein,0.5056158879007416,0.00820626012151613,0.5099632380570123,0.5054942316146123,3.258883539676853,0.03964059774404325,4.301261396634341,0.03634747067449972,0.5225340602394577,0.016918172338716064,1932.1648161411285,41.847349643707275,0.4778597354888916,1974.5090532302856,S3,Large (>=10K),45730,False,False,9.0,45730,False,10.449589667371344,False,False,9.0,,,,,,,9.0,,erbf,,,,0.22877625481507308,local_variance,76.6,0.0,lipschitz,0.22877625481507308,local_variance,76.6,689.4,0.0,1456.4,lipschitz,,,,,,,,,,,,,,
chebypoly,pol,0.1667713038977184,0.06923855384537114,0.18620642254461506,0.1666323977218241,31.857187215112283,2.363570961941116,38.048629780690206,1.7079770394446383,0.16617094744305627,-0.0006003564546621376,4.740044116973877,0.015359163284301758,0.014455795288085938,4.774565935134888,S2,Large (>=10K),15000,True,True,26.0,15000,False,0.9637196858723958,False,False,26.0,,,,,,,2.0,,chebypoly,,,,1.046257641492232,,,,,1.046257641492232,,,,,30.4,,,,,13.2,13.2,,,,Ridge,,,2.0,1.0,1.0
xgb,synthetic_piecewise,0.9351083413123036,0.011137359042178581,0.9324878100465972,0.9349047915673608,0.3153841080780069,0.025707990668038427,0.40817735236573754,0.036733550146100115,0.9781876951737148,0.04307935386141126,55.00000739097595,0.287747859954834,0.017167091369628906,55.3181836605072,S4,Medium (1K-10K),2000,False,False,5.0,2000,False,8.583545684814453,False,False,5.0,0.19907053145910458,0.29189307904521716,4.168435272665917,6.4,0.8804073351314464,0.869008404016601,5.0,26.4,xgb,2000.0,,,,,,,,,,,,,,,,,,,,,,,,,,,,
chebytree,pmlb_4544_GeographicalOriginalofMusic,0.5869909789496026,0.12260910263493013,0.5791806115766273,0.5757678107184515,0.45702531931979895,0.08357862010354708,0.6325706410278594,0.1138959662591853,0.7108365279927059,0.1238455490431033,7.262689113616943,0.021148681640625,0.011429548263549805,7.298564195632935,S2,Small (<1K),0,False,False,,1059,False,,False,False,,,,,2.6,,,22.4,,chebytree,,,0.03397114072384388,1.598535090527381,,,,,1.598535090527381,,,,,123.6,,,,,1.0,1.0,2.6,2.0,24.4,Ridge,,,,,
rf,power_grid_stability,0.814782985793253,0.004539161991826044,0.81247921189926,0.8145047080706437,0.012631786521608412,0.0001929514868291452,0.015882419085421283,0.00027509871570773373,0.8464304277950369,0.03164744200178382,2330.316906452179,82.07741332054138,1.5375285148620605,2414.0092809200287,S4,Large (>=10K),10000,False,False,12.0,10000,False,153.75285148620605,False,False,12.0,,,,15.2,,,12.0,,rf,429.4,,,,,,,,,,,,,36073,,0.7,429.4,36073.0,,,,,,,,,,,
dt,analcatdata_supreme,0.9780359444373345,0.009158580877599604,0.9816704667934102,0.9780020022545708,0.01886211994942181,0.0018192814908451307,0.07951970642758756,0.016082205115463388,0.9788976034745712,0.0008616590372366728,4.847125768661499,0.01338648796081543,0.0032911300659179688,4.876651287078857,S2,Medium (1K-10K),4052,False,True,7.0,4052,False,0.8122236095552736,False,False,7.0,,,,10.6,,,5.0,,dt,,,0.013909287059162622,,,,,,,,,,,29,,,,,,,,29.0,,,0.0258773645419658,8.6,,,
tabpfn,friedman1_d100,0.2941659150183334,0.3162516358464579,0.17631301255377418,0.28627518244071465,3.0984801299521263,0.9207242558466354,3.804101863953263,1.1718371184887364,0.30953037346703943,0.015364458448706042,1.3889596462249756,1.0236897468566895,5.7534966468811035,8.176503896713257,S1,Medium (1K-10K),2000,False,False,100.0,2000,False,2876.7483234405518,False,False,100.0,,,,,,,18.4,,tabpfn,,,,,,,,,,,,,,foundation,,,,,,,,,,,,,,,
rf,Bike_Sharing_Demand,0.6684171268726736,0.009766459526111559,0.6730137245087602,0.6682739583888804,70.65407783041752,0.994837272937002,104.39118808501527,1.8252621809184055,0.6818889490718412,0.013471822199167538,711.6327655315399,18.744725704193115,1.6372077465057373,732.0928373336792,S2,Large (>=10K),17379,False,True,6.0,17379,False,94.20609623716769,False,False,6.0,,,,16.6,,,6.0,,rf,350.2,,,,,,,,,,,,,40888,,0.7,350.2,40888.0,,,,,,,,,,,
ebm,Bike_Sharing_Demand,0.6313245610784955,0.00922239505819242,0.6330220299073432,0.6311653770490305,79.57198248906886,1.2446407976953784,110.07121333627984,1.2017658093465462,0.639927237924484,0.008602676845988477,243.06777787208557,5.983110427856445,0.010553836822509766,249.07402276992798,S2,Large (>=10K),17379,False,True,6.0,17379,False,0.6072752645439764,False,False,6.0,,0.05586061990021183,,,,,6.0,,ebm,,256.0,3.2,,,,,,,,,,,,,,,,,,,,,,,,,,
tabpfn,pmlb_522_pm10,0.4087089469971679,0.06254956661373945,0.4126767020591172,0.3981501781935458,0.5264712736606597,0.03839502096281579,0.6736652917798077,0.04820009138272115,0.747072883892352,0.3383639368951841,0.07286667823791504,1.230483055114746,3.703563690185547,5.0251548290252686,S3,Small (<1K),0,False,False,,500,False,,False,False,,,,,,,,7.0,,tabpfn,,,,,,,,,,,,,,foundation,,,,,,,,,,,,,,,
tabpfn,feynman_wave_interference,0.9987023211860595,0.0006753716788491609,0.9987403097722939,0.9987015095026731,0.026730726577362234,0.003683637139188366,0.10592788858072004,0.028545020267493493,0.9998496905302041,0.001147369344144611,0.09417724609375,2.3931901454925537,14.951051473617554,17.46001386642456,S1,Medium (1K-10K),8000,False,False,4.0,8000,False,1868.8814342021942,False,False,4.0,,,,,,,4.0,,tabpfn,,,,,,,,,,,,,,foundation,,,,,,,,,,,,,,,
tabpfn,sulfur,0.9199129149459555,0.02103521838104712,0.9117481383990986,0.9198532799328957,0.006215496444671613,0.00015737835293923538,0.014766436838188369,0.002141219024233921,0.9818601501915648,0.0619472352456093,0.06979107856750488,1.8371117115020752,26.961113214492798,28.881863832473755,S3,Large (>=10K),10081,False,False,6.0,10081,False,2674.448290297867,False,False,6.0,,,,,,,6.0,,tabpfn,,,,,,,,,,,,,,foundation,,,,,,,,,,,,,,,
rf,food_delivery_time,0.2842480414203094,0.006279891415656732,0.28248395177675323,0.28407083024905816,6.228349930377801,0.05052762600064829,7.935849745289173,0.06187919702268607,0.3224117371741325,0.03816369575382311,1843.0859022140503,34.124351024627686,4.3018879890441895,1881.5727252960205,S2,Large (>=10K),45451,False,False,9.0,45451,False,94.64891837460539,False,False,9.0,,,,17.0,,,9.0,,rf,374.2,,,,,,,,,,,,,44749,,0.3,374.2,44749.0,,,,,,,,,,,
dt,fiat_500_price,0.8242199813018376,0.02285418607335456,0.8311374275005287,0.8232133653603839,617.4599245123111,31.01845793073712,809.4880739193493,49.2375769253913,0.8596452591265484,0.03542527782471083,2.723651170730591,0.00668644905090332,0.0007169246673583984,2.734391927719116,S4,Medium (1K-10K),1538,False,False,7.0,1538,False,0.4661408760457727,False,False,7.0,,,,16.2,,,7.0,,dt,,,0.016028377918813595,,,,,,,,,,,30,,,,,,,,30.0,,,0.0607793627764935,8.2,,,
rf,pmlb_503_wind,0.7603143189282358,0.011297546871555103,0.7648903864904855,0.759674450220795,2.4927393559240776,0.04452694218702341,3.276062710004472,0.06467461606832536,0.8029378234202074,0.04262350449197161,1260.321361064911,39.893593072891235,1.398137092590332,1301.7165908813477,S3,Small (<1K),0,False,False,,6574,False,,False,False,,,,,15.6,,,14.0,,rf,449.0,,,,,,,,,,,,,41353,,0.7,449.0,41353.0,,,,,,,,,,,
